-- phpMyAdmin SQL Dump
-- version 5.2.1
-- https://www.phpmyadmin.net/
--
-- Host: 127.0.0.1
-- Generation Time: Jun 04, 2026 at 11:27 PM
-- Server version: 10.4.32-MariaDB
-- PHP Version: 8.2.12

SET SQL_MODE = "NO_AUTO_VALUE_ON_ZERO";
START TRANSACTION;
SET time_zone = "+00:00";


/*!40101 SET @OLD_CHARACTER_SET_CLIENT=@@CHARACTER_SET_CLIENT */;
/*!40101 SET @OLD_CHARACTER_SET_RESULTS=@@CHARACTER_SET_RESULTS */;
/*!40101 SET @OLD_COLLATION_CONNECTION=@@COLLATION_CONNECTION */;
/*!40101 SET NAMES utf8mb4 */;

--
-- Database: `uni_registration_simulation`
--

-- --------------------------------------------------------

--
-- Table structure for table `course`
--

CREATE TABLE `course` (
  `course_id` int(11) NOT NULL,
  `line_number` int(11) DEFAULT NULL,
  `course_code` varchar(20) NOT NULL,
  `title` varchar(100) NOT NULL,
  `credit_hours` int(11) NOT NULL,
  `theory_hours` int(11) NOT NULL,
  `practical_hours` int(11) NOT NULL,
  `dept_id` int(11) DEFAULT NULL
) ENGINE=InnoDB DEFAULT CHARSET=utf8mb4 COLLATE=utf8mb4_general_ci;

--
-- Dumping data for table `course`
--

INSERT INTO `course` (`course_id`, `line_number`, `course_code`, `title`, `credit_hours`, `theory_hours`, `practical_hours`, `dept_id`) VALUES
(1, 260099, 'COMP099', 'حاسوب استدراكي', 0, 0, 0, 26),
(2, 260100, 'CIS100', 'مقدمة إلى تكنولوجيا المعلومات', 3, 3, 0, 26),
(3, 290112, 'CS112', 'مقدمة في البرمجة', 3, 3, 0, 29),
(4, 260112, 'CS112B', 'مقدمة إلى البرمجة', 3, 3, 0, 26),
(5, 290113, 'CS113', 'مقدمة في البرمجة الكينونية', 3, 3, 0, 29),
(6, 260113, 'CS113B', 'مقدمة إلى البرمجة الكينونية', 3, 3, 0, 26),
(7, 340101, 'MATH101', 'تفاضل وتكامل 1', 3, 3, 0, 34),
(8, 340102, 'MATH102', 'تفاضل وتكامل 2', 3, 3, 0, 34),
(9, 340241, 'MATH241', 'مبادئ الجبر الخطي', 3, 3, 0, 34),
(10, 340233, 'MATH233', 'احصاء واحتمالات لطلبة الحاسوب', 3, 3, 0, 34),
(11, 340234, 'MATH234', 'احصاء واحتمالات', 3, 3, 0, 34),
(12, 340211, 'MATH211', 'رياضيات متقطعة', 3, 3, 0, 34),
(13, 290250, 'SE250', 'اساسيات هندسة البرمجيات', 3, 3, 0, 29),
(14, 290210, 'SE210', 'البرمجة بلغة جافا', 3, 3, 0, 29),
(15, 260211, 'CS211', 'تراكيب البيانات', 3, 3, 0, 26),
(16, 290324, 'SE324', 'تحليل ونمذجة تصميم الانظمة', 3, 3, 0, 29),
(17, 280221, 'CIS221', 'قواعد البيانات', 3, 3, 0, 28),
(18, 281221, 'CIS221B', 'اساسيات قواعد البيانات', 3, 3, 0, 28),
(19, 270236, 'CPE236', 'تصميم المنطق الرقمي', 3, 3, 0, 27),
(20, 270237, 'CPE237', 'مختبر تصميم المنطق الرقمي', 1, 0, 3, 27),
(21, 270252, 'CPE252', 'تصميم وتنظيم الحاسوب', 3, 3, 0, 27),
(22, 260252, 'CS252', 'تنظيم الحاسوب', 3, 3, 0, 26),
(23, 260352, 'CS352', 'معمارية الحاسوب', 3, 3, 0, 26),
(24, 260325, 'CS325', 'مبادئ نظم التشغيل الحديثة', 3, 3, 0, 26),
(25, 261325, 'CS325B', 'مبادئ نظم التشغيل', 3, 3, 0, 26),
(26, 290312, 'SE312', 'تصميم واجهة المستخدم وبرمجتها', 3, 3, 0, 29),
(27, 260311, 'CS311', 'تحليل وتصميم الخوارزميات', 3, 3, 0, 26),
(28, 280201, 'CIS201', 'مختبر تصميم صفحات الويب', 1, 0, 3, 28),
(29, 281201, 'CIS201B', 'مقدمة في صفحات الويب', 3, 3, 0, 28),
(30, 290371, 'SE371', 'هندسة تطبيقات الويب', 3, 3, 0, 29),
(31, 290426, 'SE426', 'فحص وضمان جودة البرمجيات', 3, 3, 0, 29),
(32, 291426, 'SE426B', 'فحص البرمجيات', 3, 3, 0, 29),
(33, 290424, 'SE424', 'معمارية وتصميم البرمجيات', 3, 3, 0, 29),
(34, 290321, 'SE321', 'هندسة متطلبات البرمجيات وتوثيقها', 3, 3, 0, 29),
(35, 291321, 'SE321B', 'هندسة متطلبات البرمجيات', 3, 3, 0, 29),
(36, 290450, 'SE450', 'تصميم وتطوير الانظمة المتوازية الموزعة', 3, 3, 0, 29),
(37, 280341, 'CIS341', 'شبكات الحاسوب', 3, 3, 0, 28),
(38, 290470, 'SE470', 'بناء البرمجيات الامنة', 3, 3, 0, 29),
(39, 290430, 'SE430', 'صيانة وادارة تكوين البرمجيات', 3, 3, 0, 29),
(40, 290440, 'SE440', 'عمليات وادارة المشاريع', 3, 3, 0, 29),
(41, 291440, 'SE440B', 'إدارة المشاريع', 3, 3, 0, 29),
(42, 290491, 'SE491', 'مشروع تخرج 1', 1, 1, 0, 29),
(43, 290492, 'SE492A', 'مشروع تخرج (2)', 2, 2, 0, 29),
(44, 291492, 'SE492B', 'مشروع تخرج 2', 2, 2, 0, 29),
(45, 260284, 'CS284', 'علم الاحياء الحسابي', 3, 3, 0, 26),
(46, 260114, 'CS114', 'مختبر نمذجة البرمجة الكينونية', 1, 0, 3, 26),
(47, 260281, 'CS281', 'نظرية الحسابات', 3, 3, 0, 26),
(48, 260481, 'CS481', 'نظرية التشفير', 3, 3, 0, 26),
(49, 260313, 'CS313', 'تفاعل الانسان مع الحاسوب', 3, 3, 0, 26),
(50, 290313, 'SE313', 'تفاعل الانسان والحاسوب', 3, 3, 0, 29),
(51, 260376, 'CS376', 'اساسيات الوسائط المتعددة', 3, 3, 0, 26),
(52, 260371, 'CS371', 'تكنولوجيا الشبكة العنكبوتية', 3, 3, 0, 26),
(53, 280321, 'CIS321', 'تحليل وتصميم الانظمة', 3, 3, 0, 28),
(54, 260375, 'CS375', 'الذكاء الاصطناعي', 3, 3, 0, 26),
(55, 260451, 'CS451', 'النظم الحاسوبية الموزعة', 3, 3, 0, 26),
(56, 260441, 'CS441', 'الشبكات اللاسلكية', 3, 3, 0, 26),
(57, 350102, 'PHYS102', 'فيزياء 2', 3, 3, 0, 35),
(58, 350107, 'PHYS107', 'فيزياء عامة عملي', 1, 0, 3, 35),
(59, 340371, 'MATH371', 'تحليل عددي', 3, 3, 0, 34),
(60, 280342, 'CIS342', 'تراسل بيانات الاعمال', 3, 3, 0, 28),
(61, 290212, 'SE212', 'البرمجة المرئية', 3, 3, 0, 29),
(62, 290372, 'SE372', 'تطوير تطبيقات الويب', 3, 3, 0, 29),
(63, 290230, 'SE230', 'نمذجة البيانات', 3, 3, 0, 29),
(64, 290326, 'SE326', 'مختبر هندسة البرمجيات', 1, 0, 3, 29),
(65, 290322, 'SE322', 'توثيق البرمجيات', 3, 3, 0, 29),
(66, 290311, 'SE311', 'برمجة الخادم / المستفيد', 3, 3, 0, 29),
(67, 290471, 'SE471', 'أمن البرمجيات', 3, 3, 0, 29),
(68, 340110, 'HSS110', 'المهارات الحياتية', 3, 3, 0, 34),
(69, 340111, 'HSS111', 'التربية الوطنية', 3, 3, 0, 34),
(70, 340112, 'HSS112', 'العلوم العسكرية', 3, 3, 0, 34),
(71, 340113, 'HSS113', 'مهارات الاتصال واخلاقيات المهنة', 3, 3, 0, 34),
(72, 340114, 'ENG111', 'اللغة الانجليزية ومهارات الاتصال', 3, 3, 0, 34),
(73, 340115, 'ARB111', 'اللغة العربية ومهارات الاتصال', 3, 3, 0, 34),
(74, 340116, 'HSS114', 'الريادة والابتكار', 3, 3, 0, 34),
(75, 340901, 'ELEC101', 'متطلب جامعة اختياري', 3, 3, 0, 34),
(76, 290901, 'ELEC201', 'متطلب قسم اختياري', 3, 3, 0, 29),
(80, 400102, 'ELEC202', ' قسم اختيار 2', 3, 0, 0, 29);

-- --------------------------------------------------------

--
-- Table structure for table `department`
--

CREATE TABLE `department` (
  `dept_id` int(11) NOT NULL,
  `dept_name` varchar(100) NOT NULL,
  `fac_id` int(11) DEFAULT NULL
) ENGINE=InnoDB DEFAULT CHARSET=utf8mb4 COLLATE=utf8mb4_general_ci;

--
-- Dumping data for table `department`
--

INSERT INTO `department` (`dept_id`, `dept_name`, `fac_id`) VALUES
(1, 'الأقسام الطبية والسريرية', 1),
(2, 'الهندسة المدنية', 2),
(3, 'الهندسة الكهربائية', 2),
(4, 'الهندسة الميكانيكية', 2),
(5, 'الهندسة الكيميائية', 2),
(6, 'الهندسة الطبية الحيوية', 2),
(7, 'الهندسة النووية', 2),
(8, 'تكنولوجيا الأنظمة الكهربائية الذكية', 2),
(9, 'تكنولوجيا الطائرات المسيرة', 2),
(10, 'الصيدلة السريرية', 3),
(11, 'العلوم الصيدلانية', 3),
(12, 'علم التجميل التطبيقي', 3),
(13, 'جراحة الفم والسن', 4),
(14, 'المعالجة التحفظية', 4),
(15, 'طب أسنان الأطفال وتقويم الأسنان', 4),
(16, 'التمريض', 5),
(17, 'علوم طب الأسنان التطبيقية', 6),
(18, 'العلاج الطبيعي', 6),
(19, 'العلاج الوظيفي', 6),
(20, 'السمع والنطق', 6),
(21, 'تكنولوجيا الأشعة', 6),
(22, 'البصريات', 6),
(23, 'العلوم الطبية المخبرية', 6),
(24, 'الإسعاف والطوارئ', 6),
(25, 'علم النفس السريري', 6),
(26, 'علوم الحاسوب', 7),
(27, 'هندسة الحاسوب', 7),
(28, 'نظم المعلومات الحاسوبية', 7),
(29, 'هندسة البرمجيات', 7),
(30, 'الهندسة المعمارية', 8),
(31, 'التصميم والتواصل البصري', 8),
(32, 'تصميم الرسوم المتحركة والألعاب', 8),
(33, 'تكنولوجيا الأفلام والوسائط المتعددة', 8),
(34, 'الرياضيات', 9),
(35, 'الفيزياء', 9),
(36, 'الكيمياء', 9),
(37, 'العلوم الحياتية', 9),
(38, 'التقانات الحيوية', 9),
(39, 'الإنتاج النباتي', 10),
(40, 'التغذية وتكنولوجيا الغذاء', 10),
(41, 'الموارد المائية والبيئة', 10),
(42, 'الطب والجراحة البيطرية', 11),
(43, 'النانوتكنولوجي وعلم المواد', 12);

-- --------------------------------------------------------

--
-- Table structure for table `faculty`
--

CREATE TABLE `faculty` (
  `fac_id` int(11) NOT NULL,
  `fac_name` varchar(150) NOT NULL,
  `uni_id` int(11) DEFAULT NULL
) ENGINE=InnoDB DEFAULT CHARSET=utf8mb4 COLLATE=utf8mb4_general_ci;

--
-- Dumping data for table `faculty`
--

INSERT INTO `faculty` (`fac_id`, `fac_name`, `uni_id`) VALUES
(1, 'كلية الطب', 1),
(2, 'كلية الهندسة', 1),
(3, 'كلية الصيدلة', 1),
(4, 'كلية طب الأسنان', 1),
(5, 'كلية التمريض', 1),
(6, 'كلية العلوم الطبية التطبيقية', 1),
(7, 'كلية تكنولوجيا الحاسوب والمعلومات', 1),
(8, 'كلية العمارة والتصميم', 1),
(9, 'كلية العلوم والآداب', 1),
(10, 'كلية الزراعة', 1),
(11, 'كلية الطب البيطري', 1),
(12, 'معهد النانوتكنولوجي', 1);

-- --------------------------------------------------------

--
-- Table structure for table `plan_course`
--

CREATE TABLE `plan_course` (
  `plan_id` int(11) NOT NULL,
  `course_id` int(11) NOT NULL,
  `custom_title` varchar(255) DEFAULT NULL,
  `custom_credit_hours` int(11) DEFAULT NULL,
  `custom_theory_hours` int(11) DEFAULT NULL,
  `custom_practical_hours` int(11) DEFAULT NULL,
  `year_level` int(11) DEFAULT NULL COMMENT '1, 2, 3, 4',
  `semester` int(11) DEFAULT NULL COMMENT '1, 2, 3 (Summer)',
  `category` varchar(100) DEFAULT NULL COMMENT 'University Mandatory, Department Elective, etc.',
  `delivery_mode` varchar(50) DEFAULT 'On-site',
  `is_confirmed` tinyint(4) DEFAULT 0
) ENGINE=InnoDB DEFAULT CHARSET=utf8mb4 COLLATE=utf8mb4_general_ci;

--
-- Dumping data for table `plan_course`
--

INSERT INTO `plan_course` (`plan_id`, `course_id`, `custom_title`, `custom_credit_hours`, `custom_theory_hours`, `custom_practical_hours`, `year_level`, `semester`, `category`, `delivery_mode`, `is_confirmed`) VALUES
(1, 1, NULL, NULL, NULL, NULL, 1, 1, 'إجباري تخصص', 'وجاهي', 1),
(1, 2, 'مقدمة إلى تكنولوجيا المعلومات', 3, 0, 0, 1, 1, 'متطلب جامعة إجباري', 'وجاهي', 1),
(1, 3, NULL, NULL, NULL, NULL, 1, 1, 'إجباري تخصص', 'وجاهي', 1),
(1, 5, NULL, NULL, NULL, NULL, 1, 2, 'إجباري تخصص', 'وجاهي', 1),
(1, 7, NULL, NULL, NULL, NULL, 1, 1, 'إجباري تخصص', 'وجاهي', 1),
(1, 9, NULL, NULL, NULL, NULL, 2, 1, 'إجباري تخصص', 'وجاهي', 1),
(1, 10, NULL, NULL, NULL, NULL, 2, 2, 'إجباري تخصص', 'وجاهي', 1),
(1, 12, NULL, NULL, NULL, NULL, 1, 2, 'إجباري تخصص', 'وجاهي', 1),
(1, 13, NULL, NULL, NULL, NULL, 2, 2, 'إجباري تخصص', 'وجاهي', 1),
(1, 14, NULL, NULL, NULL, NULL, 2, 1, 'إجباري تخصص', 'وجاهي', 1),
(1, 15, NULL, NULL, NULL, NULL, 2, 1, 'إجباري تخصص', 'وجاهي', 1),
(1, 16, NULL, NULL, NULL, NULL, 3, 1, 'إجباري تخصص', 'وجاهي', 1),
(1, 17, NULL, NULL, NULL, NULL, 2, 2, 'إجباري تخصص', 'وجاهي', 1),
(1, 19, NULL, NULL, NULL, NULL, 2, 1, 'إجباري تخصص', 'وجاهي', 1),
(1, 21, NULL, NULL, NULL, NULL, 2, 2, 'إجباري تخصص', 'وجاهي', 1),
(1, 24, NULL, NULL, NULL, NULL, 3, 2, 'إجباري تخصص', 'وجاهي', 1),
(1, 26, NULL, NULL, NULL, NULL, 3, 1, 'إجباري تخصص', 'وجاهي', 1),
(1, 27, NULL, NULL, NULL, NULL, 3, 1, 'إجباري تخصص', 'وجاهي', 1),
(1, 28, NULL, NULL, NULL, NULL, 2, 1, 'إجباري تخصص', 'وجاهي', 1),
(1, 30, NULL, NULL, NULL, NULL, 3, 2, 'إجباري تخصص', 'وجاهي', 1),
(1, 31, NULL, NULL, NULL, NULL, 4, 1, 'إجباري تخصص', 'وجاهي', 1),
(1, 33, NULL, NULL, NULL, NULL, 3, 2, 'إجباري تخصص', 'وجاهي', 1),
(1, 34, NULL, NULL, NULL, NULL, 3, 1, 'إجباري تخصص', 'وجاهي', 1),
(1, 36, NULL, NULL, NULL, NULL, 4, 1, 'إجباري تخصص', 'وجاهي', 1),
(1, 37, NULL, NULL, NULL, NULL, 4, 1, 'إجباري تخصص', 'وجاهي', 1),
(1, 38, NULL, NULL, NULL, NULL, 4, 2, 'إجباري تخصص', 'وجاهي', 1),
(1, 39, NULL, NULL, NULL, NULL, 4, 2, 'إجباري تخصص', 'وجاهي', 1),
(1, 40, NULL, NULL, NULL, NULL, 4, 1, 'إجباري تخصص', 'وجاهي', 1),
(1, 42, NULL, NULL, NULL, NULL, 4, 1, 'إجباري تخصص', 'وجاهي', 1),
(1, 43, NULL, NULL, NULL, NULL, 4, 2, 'إجباري تخصص', 'وجاهي', 1),
(1, 68, NULL, NULL, NULL, NULL, 1, 1, 'متطلب جامعة إجباري', 'وجاهي', 1),
(1, 69, NULL, NULL, NULL, NULL, 1, 1, 'متطلب جامعة إجباري', 'وجاهي', 1),
(1, 70, NULL, NULL, NULL, NULL, 1, 1, 'متطلب جامعة إجباري', 'وجاهي', 1),
(1, 71, NULL, NULL, NULL, NULL, 1, 2, 'متطلب جامعة إجباري', 'وجاهي', 1),
(1, 72, NULL, NULL, NULL, NULL, 1, 2, 'متطلب جامعة إجباري', 'وجاهي', 1),
(1, 73, NULL, NULL, NULL, NULL, 1, 2, 'متطلب جامعة إجباري', 'وجاهي', 1),
(1, 74, NULL, NULL, NULL, NULL, 2, 1, 'متطلب جامعة إجباري', 'وجاهي', 1),
(1, 75, NULL, NULL, NULL, NULL, 3, 1, 'متطلب جامعة اختياري', 'وجاهي', 1),
(1, 76, NULL, NULL, NULL, NULL, 3, 1, 'متطلب قسم اختياري', 'وجاهي', 1),
(1, 80, NULL, NULL, NULL, NULL, 0, 0, 'متطلب قسم اختياري', 'On-site', 0),
(2, 1, NULL, NULL, NULL, NULL, 1, 1, 'إجباري تخصص', 'وجاهي', 1),
(2, 2, NULL, NULL, NULL, NULL, 1, 1, 'متطلب جامعة إجباري', 'وجاهي', 1),
(2, 3, NULL, NULL, NULL, NULL, 1, 1, 'إجباري تخصص', 'وجاهي', 1),
(2, 5, NULL, NULL, NULL, NULL, 1, 2, 'إجباري تخصص', 'وجاهي', 1),
(2, 7, NULL, NULL, NULL, NULL, 1, 1, 'إجباري تخصص', 'وجاهي', 1),
(2, 8, NULL, NULL, NULL, NULL, 1, 2, 'إجباري تخصص', 'وجاهي', 1),
(2, 11, NULL, NULL, NULL, NULL, 2, 2, 'إجباري تخصص', 'وجاهي', 1),
(2, 12, NULL, NULL, NULL, NULL, 2, 1, 'إجباري تخصص', 'وجاهي', 1),
(2, 13, NULL, NULL, NULL, NULL, 2, 2, 'إجباري تخصص', 'وجاهي', 1),
(2, 14, NULL, NULL, NULL, NULL, 2, 1, 'إجباري تخصص', 'وجاهي', 1),
(2, 15, NULL, NULL, NULL, NULL, 2, 1, 'إجباري تخصص', 'وجاهي', 1),
(2, 18, NULL, NULL, NULL, NULL, 2, 2, 'إجباري تخصص', 'وجاهي', 1),
(2, 19, NULL, NULL, NULL, NULL, 2, 1, 'إجباري تخصص', 'وجاهي', 1),
(2, 25, NULL, NULL, NULL, NULL, 3, 2, 'إجباري تخصص', 'وجاهي', 1),
(2, 27, NULL, NULL, NULL, NULL, 2, 2, 'إجباري تخصص', 'وجاهي', 1),
(2, 29, NULL, NULL, NULL, NULL, 2, 1, 'إجباري تخصص', 'وجاهي', 1),
(2, 30, NULL, NULL, NULL, NULL, 4, 2, 'إجباري تخصص', 'وجاهي', 1),
(2, 32, NULL, NULL, NULL, NULL, 4, 1, 'إجباري تخصص', 'وجاهي', 1),
(2, 33, NULL, NULL, NULL, NULL, 3, 2, 'إجباري تخصص', 'وجاهي', 1),
(2, 35, NULL, NULL, NULL, NULL, 3, 2, 'إجباري تخصص', 'وجاهي', 1),
(2, 41, NULL, NULL, NULL, NULL, 4, 2, 'إجباري تخصص', 'وجاهي', 1),
(2, 42, NULL, NULL, NULL, NULL, 4, 1, 'إجباري تخصص', 'وجاهي', 1),
(2, 44, NULL, NULL, NULL, NULL, 4, 2, 'إجباري تخصص', 'وجاهي', 1),
(2, 50, NULL, NULL, NULL, NULL, 3, 2, 'إجباري تخصص', 'وجاهي', 1),
(2, 53, NULL, NULL, NULL, NULL, 3, 1, 'إجباري تخصص', 'وجاهي', 1),
(2, 59, NULL, NULL, NULL, NULL, 3, 1, 'إجباري تخصص', 'وجاهي', 1),
(2, 60, NULL, NULL, NULL, NULL, 3, 1, 'إجباري تخصص', 'وجاهي', 1),
(2, 61, NULL, NULL, NULL, NULL, 3, 1, 'إجباري تخصص', 'وجاهي', 1),
(2, 62, NULL, NULL, NULL, NULL, 3, 1, 'إجباري تخصص', 'وجاهي', 1),
(2, 63, NULL, NULL, NULL, NULL, 2, 1, 'إجباري تخصص', 'وجاهي', 1),
(2, 64, NULL, NULL, NULL, NULL, 3, 2, 'إجباري تخصص', 'وجاهي', 1),
(2, 65, NULL, NULL, NULL, NULL, 3, 1, 'إجباري تخصص', 'وجاهي', 1),
(2, 66, NULL, NULL, NULL, NULL, 3, 2, 'إجباري تخصص', 'وجاهي', 1),
(2, 67, NULL, NULL, NULL, NULL, 4, 1, 'إجباري تخصص', 'وجاهي', 1),
(2, 68, NULL, NULL, NULL, NULL, 1, 1, 'متطلب جامعة إجباري', 'وجاهي', 1),
(2, 69, NULL, NULL, NULL, NULL, 1, 1, 'متطلب جامعة إجباري', 'وجاهي', 1),
(2, 70, NULL, NULL, NULL, NULL, 1, 1, 'متطلب جامعة إجباري', 'وجاهي', 1),
(2, 75, NULL, NULL, NULL, NULL, 3, 1, 'متطلب جامعة اختياري', 'وجاهي', 1),
(2, 76, NULL, NULL, NULL, NULL, 4, 1, 'متطلب قسم اختياري', 'وجاهي', 1),
(3, 1, NULL, NULL, NULL, NULL, 1, 1, 'إجباري تخصص', 'وجاهي', 1),
(3, 2, NULL, NULL, NULL, NULL, 1, 1, 'متطلب جامعة إجباري', 'وجاهي', 1),
(3, 4, NULL, NULL, NULL, NULL, 1, 1, 'إجباري تخصص', 'وجاهي', 1),
(3, 6, NULL, NULL, NULL, NULL, 1, 2, 'إجباري تخصص', 'وجاهي', 1),
(3, 7, NULL, NULL, NULL, NULL, 1, 1, 'إجباري تخصص', 'وجاهي', 1),
(3, 8, NULL, NULL, NULL, NULL, 1, 2, 'إجباري تخصص', 'وجاهي', 1),
(3, 9, NULL, NULL, NULL, NULL, 2, 1, 'إجباري تخصص', 'وجاهي', 1),
(3, 11, NULL, NULL, NULL, NULL, 2, 1, 'إجباري تخصص', 'وجاهي', 1),
(3, 13, NULL, NULL, NULL, NULL, 2, 2, 'إجباري تخصص', 'وجاهي', 1),
(3, 15, NULL, NULL, NULL, NULL, 2, 1, 'إجباري تخصص', 'وجاهي', 1),
(3, 18, NULL, NULL, NULL, NULL, 2, 2, 'إجباري تخصص', 'وجاهي', 1),
(3, 19, NULL, NULL, NULL, NULL, 2, 1, 'إجباري تخصص', 'وجاهي', 1),
(3, 20, NULL, NULL, NULL, NULL, 2, 1, 'إجباري تخصص', 'وجاهي', 1),
(3, 22, NULL, NULL, NULL, NULL, 2, 2, 'إجباري تخصص', 'وجاهي', 1),
(3, 23, NULL, NULL, NULL, NULL, 3, 1, 'إجباري تخصص', 'وجاهي', 1),
(3, 25, NULL, NULL, NULL, NULL, 3, 1, 'إجباري تخصص', 'وجاهي', 1),
(3, 27, NULL, NULL, NULL, NULL, 3, 1, 'إجباري تخصص', 'وجاهي', 1),
(3, 37, NULL, NULL, NULL, NULL, 3, 2, 'إجباري تخصص', 'وجاهي', 1),
(3, 42, NULL, NULL, NULL, NULL, 4, 1, 'إجباري تخصص', 'وجاهي', 1),
(3, 44, NULL, NULL, NULL, NULL, 4, 2, 'إجباري تخصص', 'وجاهي', 1),
(3, 45, NULL, NULL, NULL, NULL, 3, 1, 'إجباري تخصص', 'وجاهي', 1),
(3, 46, NULL, NULL, NULL, NULL, 2, 1, 'إجباري تخصص', 'وجاهي', 1),
(3, 47, NULL, NULL, NULL, NULL, 2, 2, 'إجباري تخصص', 'وجاهي', 1),
(3, 48, NULL, NULL, NULL, NULL, 4, 1, 'متطلب قسم اختياري', 'وجاهي', 1),
(3, 49, NULL, NULL, NULL, NULL, 3, 2, 'إجباري تخصص', 'وجاهي', 1),
(3, 51, NULL, NULL, NULL, NULL, 3, 1, 'إجباري تخصص', 'وجاهي', 1),
(3, 52, NULL, NULL, NULL, NULL, 3, 2, 'إجباري تخصص', 'وجاهي', 1),
(3, 53, NULL, NULL, NULL, NULL, 3, 2, 'إجباري تخصص', 'وجاهي', 1),
(3, 54, NULL, NULL, NULL, NULL, 4, 1, 'إجباري تخصص', 'وجاهي', 1),
(3, 55, NULL, NULL, NULL, NULL, 4, 2, 'إجباري تخصص', 'وجاهي', 1),
(3, 56, NULL, NULL, NULL, NULL, 4, 2, 'إجباري تخصص', 'وجاهي', 1),
(3, 57, NULL, NULL, NULL, NULL, 1, 2, 'إجباري تخصص', 'وجاهي', 1),
(3, 58, NULL, NULL, NULL, NULL, 1, 1, 'إجباري تخصص', 'وجاهي', 1),
(3, 68, NULL, NULL, NULL, NULL, 1, 1, 'متطلب جامعة إجباري', 'وجاهي', 1),
(3, 69, NULL, NULL, NULL, NULL, 1, 1, 'متطلب جامعة إجباري', 'وجاهي', 1),
(3, 70, NULL, NULL, NULL, NULL, 1, 1, 'متطلب جامعة إجباري', 'وجاهي', 1),
(3, 75, NULL, NULL, NULL, NULL, 2, 1, 'متطلب جامعة اختياري', 'وجاهي', 1),
(3, 76, NULL, NULL, NULL, NULL, 3, 1, 'متطلب قسم اختياري', 'وجاهي', 1);

-- --------------------------------------------------------

--
-- Table structure for table `prerequisites`
--

CREATE TABLE `prerequisites` (
  `id` int(11) NOT NULL,
  `plan_id` int(11) NOT NULL,
  `course_id` int(11) DEFAULT NULL,
  `prereq_id` int(11) DEFAULT NULL,
  `req_type` enum('Success','Study') DEFAULT 'Success'
) ENGINE=InnoDB DEFAULT CHARSET=utf8mb4 COLLATE=utf8mb4_general_ci;

--
-- Dumping data for table `prerequisites`
--

INSERT INTO `prerequisites` (`id`, `plan_id`, `course_id`, `prereq_id`, `req_type`) VALUES
(1, 1, 3, 1, ''),
(2, 1, 5, 3, 'Success'),
(3, 1, 5, 2, 'Study'),
(4, 1, 9, 7, 'Study'),
(5, 1, 10, 9, 'Study'),
(6, 1, 13, 5, 'Study'),
(7, 1, 14, 5, 'Success'),
(8, 1, 15, 14, 'Study'),
(9, 1, 16, 5, 'Study'),
(10, 1, 17, 5, 'Study'),
(11, 1, 21, 19, 'Study'),
(12, 1, 24, 21, 'Study'),
(13, 1, 26, 15, 'Study'),
(14, 1, 27, 15, 'Study'),
(15, 1, 30, 28, 'Study'),
(16, 1, 30, 17, 'Study'),
(17, 1, 31, 16, 'Study'),
(18, 1, 33, 17, 'Study'),
(19, 1, 34, 13, 'Success'),
(20, 1, 36, 24, 'Study'),
(21, 1, 37, 21, 'Study'),
(22, 1, 38, 30, 'Study'),
(23, 1, 38, 10, 'Study'),
(24, 1, 39, 34, 'Study'),
(25, 1, 40, 34, 'Study'),
(26, 1, 43, 42, 'Study'),
(32, 3, 8, 7, 'Success'),
(33, 3, 4, 1, ''),
(34, 3, 6, 4, 'Success'),
(35, 3, 6, 2, ''),
(36, 3, 45, 4, 'Study'),
(37, 3, 9, 8, 'Study'),
(38, 3, 11, 8, 'Study'),
(39, 3, 46, 6, 'Study'),
(40, 3, 47, 6, 'Study'),
(41, 3, 15, 6, 'Success'),
(42, 3, 15, 12, 'Success'),
(43, 3, 48, 11, 'Study'),
(44, 3, 20, 19, 'Study'),
(45, 3, 22, 19, 'Study'),
(46, 3, 23, 22, 'Study'),
(47, 3, 25, 22, 'Study'),
(48, 3, 37, 25, 'Study'),
(49, 3, 27, 15, 'Study'),
(50, 3, 49, 15, 'Study'),
(51, 3, 18, 15, 'Study'),
(52, 3, 51, 15, 'Study'),
(53, 3, 51, 9, 'Study'),
(54, 3, 13, 15, 'Study'),
(55, 3, 13, 46, 'Study'),
(56, 3, 52, 51, 'Study'),
(57, 3, 52, 29, 'Study'),
(58, 3, 53, 18, 'Study'),
(59, 3, 54, 27, 'Study'),
(60, 3, 55, 25, 'Study'),
(61, 3, 56, 37, 'Study'),
(62, 3, 58, 57, 'Study'),
(63, 3, 44, 42, 'Study'),
(95, 2, 8, 7, 'Success'),
(96, 2, 3, 1, ''),
(97, 2, 5, 3, 'Success'),
(98, 2, 5, 2, ''),
(99, 2, 59, 8, 'Study'),
(100, 2, 11, 8, 'Study'),
(101, 2, 14, 5, 'Success'),
(102, 2, 15, 14, 'Success'),
(103, 2, 15, 12, 'Success'),
(104, 2, 60, 5, 'Study'),
(105, 2, 60, 19, 'Study'),
(106, 2, 61, 14, 'Study'),
(107, 2, 27, 15, 'Study'),
(108, 2, 13, 15, 'Success'),
(109, 2, 18, 15, 'Study'),
(110, 2, 62, 29, 'Study'),
(111, 2, 62, 63, 'Study'),
(112, 2, 64, 61, 'Study'),
(113, 2, 25, 15, 'Study'),
(114, 2, 65, 13, 'Study'),
(115, 2, 53, 13, 'Study'),
(116, 2, 53, 18, 'Study'),
(117, 2, 35, 13, 'Success'),
(118, 2, 35, 63, 'Study'),
(119, 2, 30, 62, 'Study'),
(120, 2, 66, 60, 'Study'),
(121, 2, 50, 60, 'Study'),
(122, 2, 33, 53, 'Study'),
(123, 2, 41, 53, 'Study'),
(124, 2, 32, 53, 'Study'),
(125, 2, 67, 33, 'Study'),
(126, 2, 67, 59, 'Study'),
(127, 2, 44, 42, 'Study');

-- --------------------------------------------------------

--
-- Table structure for table `section`
--

CREATE TABLE `section` (
  `section_id` int(11) NOT NULL,
  `course_id` int(11) DEFAULT NULL,
  `section_num` int(11) NOT NULL,
  `days` varchar(100) NOT NULL,
  `start_time` time NOT NULL,
  `end_time` time NOT NULL,
  `instructor_name` varchar(100) DEFAULT NULL,
  `room_id` varchar(20) DEFAULT NULL,
  `delivery_mode` enum('On-site','Remote','Hybrid') NOT NULL,
  `capacity` int(11) DEFAULT 50,
  `enrolled_count` int(11) DEFAULT 0,
  `is_published` tinyint(1) DEFAULT 0
) ENGINE=InnoDB DEFAULT CHARSET=utf8mb4 COLLATE=utf8mb4_general_ci;

--
-- Dumping data for table `section`
--

INSERT INTO `section` (`section_id`, `course_id`, `section_num`, `days`, `start_time`, `end_time`, `instructor_name`, `room_id`, `delivery_mode`, `capacity`, `enrolled_count`, `is_published`) VALUES
(1, 34, 1, 'MW', '08:30:00', '10:00:00', 'د. حسن البزور', 'C101', 'On-site', 50, 0, 1),
(2, 34, 2, 'UT', '10:00:00', '11:30:00', 'د. حسن البزور', 'C102', 'On-site', 50, 0, 1),
(3, 16, 1, 'MW', '10:00:00', '11:30:00', 'د. محمد الردايدة', 'C201', 'On-site', 50, 0, 1),
(4, 40, 1, 'UT', '11:30:00', '13:00:00', 'د. غدير عبيدات', 'C301', 'On-site', 50, 0, 1),
(5, 31, 1, 'UT', '11:30:00', '13:00:00', 'د. دانا رشيدات', 'C302', 'On-site', 50, 0, 1),
(6, 42, 1, 'R', '13:00:00', '16:00:00', 'د. حمزة الكوفحي', 'Lab1', 'On-site', 30, 0, 1),
(7, 13, 1, 'MW', '13:00:00', '14:30:00', 'د. زكريا الشرع', 'C401', 'On-site', 50, 0, 1),
(8, 76, 1, 'UT', '14:30:00', '16:00:00', 'د. حسن البزور', 'Hall B', 'On-site', 50, 0, 1),
(9, 4, 1, 'UT', '08:30:00', '10:00:00', 'د. إسماعيل الحميدي', 'CS101', 'On-site', 50, 0, 1),
(10, 15, 1, 'MW', '10:00:00', '11:30:00', 'د. محمد الردايدة', 'CS201', 'On-site', 50, 0, 1),
(11, 15, 2, 'MW', '13:00:00', '14:30:00', 'د. محمد الردايدة', 'CS202', 'On-site', 50, 0, 1),
(12, 22, 1, 'UT', '11:30:00', '13:00:00', 'د. حسن البزور', 'CS301', 'On-site', 50, 0, 1),
(13, 47, 1, 'UT', '11:30:00', '13:00:00', 'د. دانا رشيدات', 'CS302', 'On-site', 50, 0, 1),
(14, 56, 1, 'R', '10:00:00', '13:00:00', 'د. زكريا الشرع', 'NetLab', 'On-site', 30, 0, 1),
(15, 27, 1, 'MW', '11:30:00', '13:00:00', 'د. غدير عبيدات', 'CS401', 'On-site', 50, 0, 1),
(16, 48, 1, 'UT', '14:30:00', '16:00:00', 'د. إسماعيل الحميدي', 'CS501', 'On-site', 40, 0, 1);

-- --------------------------------------------------------

--
-- Table structure for table `staff`
--

CREATE TABLE `staff` (
  `staff_id` int(11) NOT NULL,
  `official_id` varchar(20) DEFAULT NULL,
  `name` varchar(100) DEFAULT NULL,
  `email` varchar(100) NOT NULL,
  `password` varchar(255) NOT NULL,
  `role` enum('clerk','admin','hod') NOT NULL DEFAULT 'clerk',
  `dept_id` int(11) DEFAULT NULL,
  `uni_id` int(11) DEFAULT NULL
) ENGINE=InnoDB DEFAULT CHARSET=utf8mb4 COLLATE=utf8mb4_general_ci;

--
-- Dumping data for table `staff`
--

INSERT INTO `staff` (`staff_id`, `official_id`, `name`, `email`, `password`, `role`, `dept_id`, `uni_id`) VALUES
(1, 'admin', 'مدير النظام', 'admin@just.edu.jo', '123456', 'admin', NULL, 1),
(2, 'HOD29', 'د. حمزة الكوفحي', 'hamza@just.edu.jo', '123456', 'hod', 29, 1),
(3, 'CLK29', 'احمد هزايمة', 'Ahmad@just.edu.jo', '123456', 'clerk', 29, 1),
(4, 'HOD26', 'د. إسماعيل الحميدي', 'hod.26@just.edu.jo', '123456', 'hod', 26, 1),
(5, 'CLK26', 'مدخل بيانات علوم الحاسوب', 'clerk.26@just.edu.jo', '123456', 'clerk', 26, 1),
(6, 'HOD1', 'د. رئيس قسم الأقسام الطبية والسريرية', 'hod.1@just.edu.jo', '123456', 'hod', 1, 1),
(7, 'HOD24', 'د. رئيس قسم الإسعاف والطوارئ', 'hod.24@just.edu.jo', '123456', 'hod', 24, 1),
(8, 'HOD39', 'د. رئيس قسم الإنتاج النباتي', 'hod.39@just.edu.jo', '123456', 'hod', 39, 1),
(9, 'HOD22', 'د. رئيس قسم البصريات', 'hod.22@just.edu.jo', '123456', 'hod', 22, 1),
(10, 'HOD31', 'د. رئيس قسم التصميم والتواصل البصري', 'hod.31@just.edu.jo', '123456', 'hod', 31, 1),
(11, 'HOD40', 'د. رئيس قسم التغذية وتكنولوجيا الغذاء', 'hod.40@just.edu.jo', '123456', 'hod', 40, 1),
(12, 'HOD38', 'د. رئيس قسم التقانات الحيوية', 'hod.38@just.edu.jo', '123456', 'hod', 38, 1),
(13, 'HOD16', 'د. رئيس قسم التمريض', 'hod.16@just.edu.jo', '123456', 'hod', 16, 1),
(14, 'HOD34', 'د. رئيس قسم الرياضيات', 'hod.34@just.edu.jo', '123456', 'hod', 34, 1),
(15, 'HOD20', 'د. رئيس قسم السمع والنطق', 'hod.20@just.edu.jo', '123456', 'hod', 20, 1),
(16, 'HOD10', 'د. رئيس قسم الصيدلة السريرية', 'hod.10@just.edu.jo', '123456', 'hod', 10, 1),
(17, 'HOD42', 'د. رئيس قسم الطب والجراحة البيطرية', 'hod.42@just.edu.jo', '123456', 'hod', 42, 1),
(18, 'HOD18', 'د. رئيس قسم العلاج الطبيعي', 'hod.18@just.edu.jo', '123456', 'hod', 18, 1),
(19, 'HOD19', 'د. رئيس قسم العلاج الوظيفي', 'hod.19@just.edu.jo', '123456', 'hod', 19, 1),
(20, 'HOD37', 'د. رئيس قسم العلوم الحياتية', 'hod.37@just.edu.jo', '123456', 'hod', 37, 1),
(21, 'HOD11', 'د. رئيس قسم العلوم الصيدلانية', 'hod.11@just.edu.jo', '123456', 'hod', 11, 1),
(22, 'HOD23', 'د. رئيس قسم العلوم الطبية المخبرية', 'hod.23@just.edu.jo', '123456', 'hod', 23, 1),
(23, 'HOD35', 'د. رئيس قسم الفيزياء', 'hod.35@just.edu.jo', '123456', 'hod', 35, 1),
(24, 'HOD36', 'د. رئيس قسم الكيمياء', 'hod.36@just.edu.jo', '123456', 'hod', 36, 1),
(25, 'HOD14', 'د. رئيس قسم المعالجة التحفظية', 'hod.14@just.edu.jo', '123456', 'hod', 14, 1),
(26, 'HOD41', 'د. رئيس قسم الموارد المائية والبيئة', 'hod.41@just.edu.jo', '123456', 'hod', 41, 1),
(27, 'HOD43', 'د. رئيس قسم النانوتكنولوجي وعلم المواد', 'hod.43@just.edu.jo', '123456', 'hod', 43, 1),
(28, 'HOD6', 'د. رئيس قسم الهندسة الطبية الحيوية', 'hod.6@just.edu.jo', '123456', 'hod', 6, 1),
(29, 'HOD3', 'د. رئيس قسم الهندسة الكهربائية', 'hod.3@just.edu.jo', '123456', 'hod', 3, 1),
(30, 'HOD5', 'د. رئيس قسم الهندسة الكيميائية', 'hod.5@just.edu.jo', '123456', 'hod', 5, 1),
(31, 'HOD2', 'د. رئيس قسم الهندسة المدنية', 'hod.2@just.edu.jo', '123456', 'hod', 2, 1),
(32, 'HOD30', 'د. رئيس قسم الهندسة المعمارية', 'hod.30@just.edu.jo', '123456', 'hod', 30, 1),
(33, 'HOD4', 'د. رئيس قسم الهندسة الميكانيكية', 'hod.4@just.edu.jo', '123456', 'hod', 4, 1),
(34, 'HOD7', 'د. رئيس قسم الهندسة النووية', 'hod.7@just.edu.jo', '123456', 'hod', 7, 1),
(35, 'HOD32', 'د. رئيس قسم تصميم الرسوم المتحركة والألعاب', 'hod.32@just.edu.jo', '123456', 'hod', 32, 1),
(36, 'HOD21', 'د. رئيس قسم تكنولوجيا الأشعة', 'hod.21@just.edu.jo', '123456', 'hod', 21, 1),
(37, 'HOD33', 'د. رئيس قسم تكنولوجيا الأفلام والوسائط المتعددة', 'hod.33@just.edu.jo', '123456', 'hod', 33, 1),
(38, 'HOD8', 'د. رئيس قسم تكنولوجيا الأنظمة الكهربائية الذكية', 'hod.8@just.edu.jo', '123456', 'hod', 8, 1),
(39, 'HOD9', 'د. رئيس قسم تكنولوجيا الطائرات المسيرة', 'hod.9@just.edu.jo', '123456', 'hod', 9, 1),
(40, 'HOD13', 'د. رئيس قسم جراحة الفم والسن', 'hod.13@just.edu.jo', '123456', 'hod', 13, 1),
(41, 'HOD15', 'د. رئيس قسم طب أسنان الأطفال وتقويم الأسنان', 'hod.15@just.edu.jo', '123456', 'hod', 15, 1),
(42, 'HOD12', 'د. رئيس قسم علم التجميل التطبيقي', 'hod.12@just.edu.jo', '123456', 'hod', 12, 1),
(43, 'HOD25', 'د. رئيس قسم علم النفس السريري', 'hod.25@just.edu.jo', '123456', 'hod', 25, 1),
(44, 'HOD17', 'د. رئيس قسم علوم طب الأسنان التطبيقية', 'hod.17@just.edu.jo', '123456', 'hod', 17, 1),
(45, 'HOD28', 'د. رئيس قسم نظم المعلومات الحاسوبية', 'hod.28@just.edu.jo', '123456', 'hod', 28, 1),
(46, 'HOD27', 'د. رئيس قسم هندسة الحاسوب', 'hod.27@just.edu.jo', '123456', 'hod', 27, 1),
(69, 'CLK1', 'مدخل بيانات الأقسام الطبية والسريرية', 'clerk.1@just.edu.jo', '123456', 'clerk', 1, 1),
(70, 'CLK24', 'مدخل بيانات الإسعاف والطوارئ', 'clerk.24@just.edu.jo', '123456', 'clerk', 24, 1),
(71, 'CLK39', 'مدخل بيانات الإنتاج النباتي', 'clerk.39@just.edu.jo', '123456', 'clerk', 39, 1),
(72, 'CLK22', 'مدخل بيانات البصريات', 'clerk.22@just.edu.jo', '123456', 'clerk', 22, 1),
(73, 'CLK31', 'مدخل بيانات التصميم والتواصل البصري', 'clerk.31@just.edu.jo', '123456', 'clerk', 31, 1),
(74, 'CLK40', 'مدخل بيانات التغذية وتكنولوجيا الغذاء', 'clerk.40@just.edu.jo', '123456', 'clerk', 40, 1),
(75, 'CLK38', 'مدخل بيانات التقانات الحيوية', 'clerk.38@just.edu.jo', '123456', 'clerk', 38, 1),
(76, 'CLK16', 'مدخل بيانات التمريض', 'clerk.16@just.edu.jo', '123456', 'clerk', 16, 1),
(77, 'CLK34', 'مدخل بيانات الرياضيات', 'clerk.34@just.edu.jo', '123456', 'clerk', 34, 1),
(78, 'CLK20', 'مدخل بيانات السمع والنطق', 'clerk.20@just.edu.jo', '123456', 'clerk', 20, 1),
(79, 'CLK10', 'مدخل بيانات الصيدلة السريرية', 'clerk.10@just.edu.jo', '123456', 'clerk', 10, 1),
(80, 'CLK42', 'مدخل بيانات الطب والجراحة البيطرية', 'clerk.42@just.edu.jo', '123456', 'clerk', 42, 1),
(81, 'CLK18', 'مدخل بيانات العلاج الطبيعي', 'clerk.18@just.edu.jo', '123456', 'clerk', 18, 1),
(82, 'CLK19', 'مدخل بيانات العلاج الوظيفي', 'clerk.19@just.edu.jo', '123456', 'clerk', 19, 1),
(83, 'CLK37', 'مدخل بيانات العلوم الحياتية', 'clerk.37@just.edu.jo', '123456', 'clerk', 37, 1),
(84, 'CLK11', 'مدخل بيانات العلوم الصيدلانية', 'clerk.11@just.edu.jo', '123456', 'clerk', 11, 1),
(85, 'CLK23', 'مدخل بيانات العلوم الطبية المخبرية', 'clerk.23@just.edu.jo', '123456', 'clerk', 23, 1),
(86, 'CLK35', 'مدخل بيانات الفيزياء', 'clerk.35@just.edu.jo', '123456', 'clerk', 35, 1),
(87, 'CLK36', 'مدخل بيانات الكيمياء', 'clerk.36@just.edu.jo', '123456', 'clerk', 36, 1),
(88, 'CLK14', 'مدخل بيانات المعالجة التحفظية', 'clerk.14@just.edu.jo', '123456', 'clerk', 14, 1),
(89, 'CLK41', 'مدخل بيانات الموارد المائية والبيئة', 'clerk.41@just.edu.jo', '123456', 'clerk', 41, 1),
(90, 'CLK43', 'مدخل بيانات النانوتكنولوجي وعلم المواد', 'clerk.43@just.edu.jo', '123456', 'clerk', 43, 1),
(91, 'CLK6', 'مدخل بيانات الهندسة الطبية الحيوية', 'clerk.6@just.edu.jo', '123456', 'clerk', 6, 1),
(92, 'CLK3', 'مدخل بيانات الهندسة الكهربائية', 'clerk.3@just.edu.jo', '123456', 'clerk', 3, 1),
(93, 'CLK5', 'مدخل بيانات الهندسة الكيميائية', 'clerk.5@just.edu.jo', '123456', 'clerk', 5, 1),
(94, 'CLK2', 'مدخل بيانات الهندسة المدنية', 'clerk.2@just.edu.jo', '123456', 'clerk', 2, 1),
(95, 'CLK30', 'مدخل بيانات الهندسة المعمارية', 'clerk.30@just.edu.jo', '123456', 'clerk', 30, 1),
(96, 'CLK4', 'مدخل بيانات الهندسة الميكانيكية', 'clerk.4@just.edu.jo', '123456', 'clerk', 4, 1),
(97, 'CLK7', 'مدخل بيانات الهندسة النووية', 'clerk.7@just.edu.jo', '123456', 'clerk', 7, 1),
(98, 'CLK32', 'مدخل بيانات تصميم الرسوم المتحركة والألعاب', 'clerk.32@just.edu.jo', '123456', 'clerk', 32, 1),
(99, 'CLK21', 'مدخل بيانات تكنولوجيا الأشعة', 'clerk.21@just.edu.jo', '123456', 'clerk', 21, 1),
(100, 'CLK33', 'مدخل بيانات تكنولوجيا الأفلام والوسائط المتعددة', 'clerk.33@just.edu.jo', '123456', 'clerk', 33, 1),
(101, 'CLK8', 'مدخل بيانات تكنولوجيا الأنظمة الكهربائية الذكية', 'clerk.8@just.edu.jo', '123456', 'clerk', 8, 1),
(102, 'CLK9', 'مدخل بيانات تكنولوجيا الطائرات المسيرة', 'clerk.9@just.edu.jo', '123456', 'clerk', 9, 1),
(103, 'CLK13', 'مدخل بيانات جراحة الفم والسن', 'clerk.13@just.edu.jo', '123456', 'clerk', 13, 1),
(104, 'CLK15', 'مدخل بيانات طب أسنان الأطفال وتقويم الأسنان', 'clerk.15@just.edu.jo', '123456', 'clerk', 15, 1),
(105, 'CLK12', 'مدخل بيانات علم التجميل التطبيقي', 'clerk.12@just.edu.jo', '123456', 'clerk', 12, 1),
(106, 'CLK25', 'مدخل بيانات علم النفس السريري', 'clerk.25@just.edu.jo', '123456', 'clerk', 25, 1),
(107, 'CLK17', 'مدخل بيانات علوم طب الأسنان التطبيقية', 'clerk.17@just.edu.jo', '123456', 'clerk', 17, 1),
(108, 'CLK28', 'مدخل بيانات نظم المعلومات الحاسوبية', 'clerk.28@just.edu.jo', '123456', 'clerk', 28, 1),
(109, 'CLK27', 'مدخل بيانات هندسة الحاسوب', 'clerk.27@just.edu.jo', '123456', 'clerk', 27, 1);

-- --------------------------------------------------------

--
-- Table structure for table `student`
--

CREATE TABLE `student` (
  `student_id` varchar(20) NOT NULL,
  `name` varchar(100) NOT NULL,
  `email` varchar(100) NOT NULL,
  `password` varchar(255) NOT NULL,
  `specialization` varchar(100) DEFAULT 'Software Engineering',
  `created_at` timestamp NOT NULL DEFAULT current_timestamp(),
  `plan_id` int(11) DEFAULT NULL,
  `dept_id` int(11) DEFAULT NULL,
  `uni_id` int(11) DEFAULT NULL,
  `year_level` int(11) DEFAULT 1
) ENGINE=InnoDB DEFAULT CHARSET=utf8mb4 COLLATE=utf8mb4_general_ci;

--
-- Dumping data for table `student`
--

INSERT INTO `student` (`student_id`, `name`, `email`, `password`, `specialization`, `created_at`, `plan_id`, `dept_id`, `uni_id`, `year_level`) VALUES
('110001', 'طالب هندسة برمجيات 1', 'swe1@student.just.edu.jo', '123456', 'هندسة البرمجيات', '2026-06-04 19:00:32', 2, 29, 1, 2),
('110002', 'طالب هندسة برمجيات 2', 'swe2@student.just.edu.jo', '123456', 'هندسة البرمجيات', '2026-06-04 19:00:32', 1, 29, 1, 3),
('110003', 'طالب هندسة برمجيات 3', 'swe3@student.just.edu.jo', '123456', 'هندسة البرمجيات', '2026-06-04 19:00:32', 2, 29, 1, 4),
('110004', 'طالب هندسة برمجيات 4', 'swe4@student.just.edu.jo', '123456', 'هندسة البرمجيات', '2026-06-04 19:00:32', 1, 29, 1, 1),
('110005', 'طالب هندسة برمجيات 5', 'swe5@student.just.edu.jo', '123456', 'هندسة البرمجيات', '2026-06-04 19:00:32', 2, 29, 1, 2),
('110006', 'طالب هندسة برمجيات 6', 'swe6@student.just.edu.jo', '123456', 'هندسة البرمجيات', '2026-06-04 19:00:32', 1, 29, 1, 3),
('110007', 'طالب هندسة برمجيات 7', 'swe7@student.just.edu.jo', '123456', 'هندسة البرمجيات', '2026-06-04 19:00:32', 2, 29, 1, 4),
('110008', 'طالب هندسة برمجيات 8', 'swe8@student.just.edu.jo', '123456', 'هندسة البرمجيات', '2026-06-04 19:00:32', 1, 29, 1, 1),
('110009', 'طالب هندسة برمجيات 9', 'swe9@student.just.edu.jo', '123456', 'هندسة البرمجيات', '2026-06-04 19:00:32', 2, 29, 1, 2),
('110010', 'طالب هندسة برمجيات 10', 'swe10@student.just.edu.jo', '123456', 'هندسة البرمجيات', '2026-06-04 19:00:32', 1, 29, 1, 3),
('110011', 'طالب هندسة برمجيات 11', 'swe11@student.just.edu.jo', '123456', 'هندسة البرمجيات', '2026-06-04 19:00:32', 2, 29, 1, 4),
('110012', 'طالب هندسة برمجيات 12', 'swe12@student.just.edu.jo', '123456', 'هندسة البرمجيات', '2026-06-04 19:00:32', 1, 29, 1, 1),
('110013', 'طالب هندسة برمجيات 13', 'swe13@student.just.edu.jo', '123456', 'هندسة البرمجيات', '2026-06-04 19:00:32', 2, 29, 1, 2),
('110014', 'طالب هندسة برمجيات 14', 'swe14@student.just.edu.jo', '123456', 'هندسة البرمجيات', '2026-06-04 19:00:32', 1, 29, 1, 3),
('110015', 'طالب هندسة برمجيات 15', 'swe15@student.just.edu.jo', '123456', 'هندسة البرمجيات', '2026-06-04 19:00:32', 2, 29, 1, 4),
('110016', 'طالب هندسة برمجيات 16', 'swe16@student.just.edu.jo', '123456', 'هندسة البرمجيات', '2026-06-04 19:00:32', 1, 29, 1, 1),
('110017', 'طالب هندسة برمجيات 17', 'swe17@student.just.edu.jo', '123456', 'هندسة البرمجيات', '2026-06-04 19:00:32', 2, 29, 1, 2),
('110018', 'طالب هندسة برمجيات 18', 'swe18@student.just.edu.jo', '123456', 'هندسة البرمجيات', '2026-06-04 19:00:32', 1, 29, 1, 3),
('110019', 'طالب هندسة برمجيات 19', 'swe19@student.just.edu.jo', '123456', 'هندسة البرمجيات', '2026-06-04 19:00:32', 2, 29, 1, 4),
('110020', 'طالب هندسة برمجيات 20', 'swe20@student.just.edu.jo', '123456', 'هندسة البرمجيات', '2026-06-04 19:00:32', 1, 29, 1, 1),
('110021', 'طالب هندسة برمجيات 21', 'swe21@student.just.edu.jo', '123456', 'هندسة البرمجيات', '2026-06-04 19:00:32', 2, 29, 1, 2),
('110022', 'طالب هندسة برمجيات 22', 'swe22@student.just.edu.jo', '123456', 'هندسة البرمجيات', '2026-06-04 19:00:32', 1, 29, 1, 3),
('110023', 'طالب هندسة برمجيات 23', 'swe23@student.just.edu.jo', '123456', 'هندسة البرمجيات', '2026-06-04 19:00:32', 2, 29, 1, 4),
('110024', 'طالب هندسة برمجيات 24', 'swe24@student.just.edu.jo', '123456', 'هندسة البرمجيات', '2026-06-04 19:00:32', 1, 29, 1, 1),
('110025', 'طالب هندسة برمجيات 25', 'swe25@student.just.edu.jo', '123456', 'هندسة البرمجيات', '2026-06-04 19:00:32', 2, 29, 1, 2),
('110026', 'طالب هندسة برمجيات 26', 'swe26@student.just.edu.jo', '123456', 'هندسة البرمجيات', '2026-06-04 19:00:32', 1, 29, 1, 3),
('110027', 'طالب هندسة برمجيات 27', 'swe27@student.just.edu.jo', '123456', 'هندسة البرمجيات', '2026-06-04 19:00:32', 2, 29, 1, 4),
('110028', 'طالب هندسة برمجيات 28', 'swe28@student.just.edu.jo', '123456', 'هندسة البرمجيات', '2026-06-04 19:00:32', 1, 29, 1, 1),
('110029', 'طالب هندسة برمجيات 29', 'swe29@student.just.edu.jo', '123456', 'هندسة البرمجيات', '2026-06-04 19:00:32', 2, 29, 1, 2),
('110030', 'طالب هندسة برمجيات 30', 'swe30@student.just.edu.jo', '123456', 'هندسة البرمجيات', '2026-06-04 19:00:32', 1, 29, 1, 3),
('110031', 'طالب هندسة برمجيات 31', 'swe31@student.just.edu.jo', '123456', 'هندسة البرمجيات', '2026-06-04 19:00:32', 2, 29, 1, 4),
('110032', 'طالب هندسة برمجيات 32', 'swe32@student.just.edu.jo', '123456', 'هندسة البرمجيات', '2026-06-04 19:00:32', 1, 29, 1, 1),
('110033', 'طالب هندسة برمجيات 33', 'swe33@student.just.edu.jo', '123456', 'هندسة البرمجيات', '2026-06-04 19:00:32', 2, 29, 1, 2),
('110034', 'طالب هندسة برمجيات 34', 'swe34@student.just.edu.jo', '123456', 'هندسة البرمجيات', '2026-06-04 19:00:32', 1, 29, 1, 3),
('110035', 'طالب هندسة برمجيات 35', 'swe35@student.just.edu.jo', '123456', 'هندسة البرمجيات', '2026-06-04 19:00:32', 2, 29, 1, 4),
('110036', 'طالب هندسة برمجيات 36', 'swe36@student.just.edu.jo', '123456', 'هندسة البرمجيات', '2026-06-04 19:00:32', 1, 29, 1, 1),
('110037', 'طالب هندسة برمجيات 37', 'swe37@student.just.edu.jo', '123456', 'هندسة البرمجيات', '2026-06-04 19:00:32', 2, 29, 1, 2),
('110038', 'طالب هندسة برمجيات 38', 'swe38@student.just.edu.jo', '123456', 'هندسة البرمجيات', '2026-06-04 19:00:32', 1, 29, 1, 3),
('110039', 'طالب هندسة برمجيات 39', 'swe39@student.just.edu.jo', '123456', 'هندسة البرمجيات', '2026-06-04 19:00:32', 2, 29, 1, 4),
('110040', 'طالب هندسة برمجيات 40', 'swe40@student.just.edu.jo', '123456', 'هندسة البرمجيات', '2026-06-04 19:00:32', 1, 29, 1, 1),
('110041', 'طالب هندسة برمجيات 41', 'swe41@student.just.edu.jo', '123456', 'هندسة البرمجيات', '2026-06-04 19:00:32', 2, 29, 1, 2),
('110042', 'طالب هندسة برمجيات 42', 'swe42@student.just.edu.jo', '123456', 'هندسة البرمجيات', '2026-06-04 19:00:32', 1, 29, 1, 3),
('110043', 'طالب هندسة برمجيات 43', 'swe43@student.just.edu.jo', '123456', 'هندسة البرمجيات', '2026-06-04 19:00:32', 2, 29, 1, 4),
('110044', 'طالب هندسة برمجيات 44', 'swe44@student.just.edu.jo', '123456', 'هندسة البرمجيات', '2026-06-04 19:00:32', 1, 29, 1, 1),
('110045', 'طالب هندسة برمجيات 45', 'swe45@student.just.edu.jo', '123456', 'هندسة البرمجيات', '2026-06-04 19:00:32', 2, 29, 1, 2),
('110046', 'طالب هندسة برمجيات 46', 'swe46@student.just.edu.jo', '123456', 'هندسة البرمجيات', '2026-06-04 19:00:32', 1, 29, 1, 3),
('110047', 'طالب هندسة برمجيات 47', 'swe47@student.just.edu.jo', '123456', 'هندسة البرمجيات', '2026-06-04 19:00:32', 2, 29, 1, 4),
('110048', 'طالب هندسة برمجيات 48', 'swe48@student.just.edu.jo', '123456', 'هندسة البرمجيات', '2026-06-04 19:00:32', 1, 29, 1, 1),
('110049', 'طالب هندسة برمجيات 49', 'swe49@student.just.edu.jo', '123456', 'هندسة البرمجيات', '2026-06-04 19:00:32', 2, 29, 1, 2),
('110050', 'طالب هندسة برمجيات 50', 'swe50@student.just.edu.jo', '123456', 'هندسة البرمجيات', '2026-06-04 19:00:32', 1, 29, 1, 3),
('110051', 'طالب هندسة برمجيات 51', 'swe51@student.just.edu.jo', '123456', 'هندسة البرمجيات', '2026-06-04 19:00:32', 2, 29, 1, 4),
('110052', 'طالب هندسة برمجيات 52', 'swe52@student.just.edu.jo', '123456', 'هندسة البرمجيات', '2026-06-04 19:00:32', 1, 29, 1, 1),
('110053', 'طالب هندسة برمجيات 53', 'swe53@student.just.edu.jo', '123456', 'هندسة البرمجيات', '2026-06-04 19:00:32', 2, 29, 1, 2),
('110054', 'طالب هندسة برمجيات 54', 'swe54@student.just.edu.jo', '123456', 'هندسة البرمجيات', '2026-06-04 19:00:32', 1, 29, 1, 3),
('110055', 'طالب هندسة برمجيات 55', 'swe55@student.just.edu.jo', '123456', 'هندسة البرمجيات', '2026-06-04 19:00:32', 2, 29, 1, 4),
('110056', 'طالب هندسة برمجيات 56', 'swe56@student.just.edu.jo', '123456', 'هندسة البرمجيات', '2026-06-04 19:00:32', 1, 29, 1, 1),
('110057', 'طالب هندسة برمجيات 57', 'swe57@student.just.edu.jo', '123456', 'هندسة البرمجيات', '2026-06-04 19:00:32', 2, 29, 1, 2),
('110058', 'طالب هندسة برمجيات 58', 'swe58@student.just.edu.jo', '123456', 'هندسة البرمجيات', '2026-06-04 19:00:32', 1, 29, 1, 3),
('110059', 'طالب هندسة برمجيات 59', 'swe59@student.just.edu.jo', '123456', 'هندسة البرمجيات', '2026-06-04 19:00:32', 2, 29, 1, 4),
('110060', 'طالب هندسة برمجيات 60', 'swe60@student.just.edu.jo', '123456', 'هندسة البرمجيات', '2026-06-04 19:00:32', 1, 29, 1, 1),
('110061', 'طالب هندسة برمجيات 61', 'swe61@student.just.edu.jo', '123456', 'هندسة البرمجيات', '2026-06-04 19:00:32', 2, 29, 1, 2),
('110062', 'طالب هندسة برمجيات 62', 'swe62@student.just.edu.jo', '123456', 'هندسة البرمجيات', '2026-06-04 19:00:32', 1, 29, 1, 3),
('110063', 'طالب هندسة برمجيات 63', 'swe63@student.just.edu.jo', '123456', 'هندسة البرمجيات', '2026-06-04 19:00:32', 2, 29, 1, 4),
('110064', 'طالب هندسة برمجيات 64', 'swe64@student.just.edu.jo', '123456', 'هندسة البرمجيات', '2026-06-04 19:00:32', 1, 29, 1, 1),
('110065', 'طالب هندسة برمجيات 65', 'swe65@student.just.edu.jo', '123456', 'هندسة البرمجيات', '2026-06-04 19:00:32', 2, 29, 1, 2),
('110066', 'طالب هندسة برمجيات 66', 'swe66@student.just.edu.jo', '123456', 'هندسة البرمجيات', '2026-06-04 19:00:32', 1, 29, 1, 3),
('110067', 'طالب هندسة برمجيات 67', 'swe67@student.just.edu.jo', '123456', 'هندسة البرمجيات', '2026-06-04 19:00:32', 2, 29, 1, 4),
('110068', 'طالب هندسة برمجيات 68', 'swe68@student.just.edu.jo', '123456', 'هندسة البرمجيات', '2026-06-04 19:00:32', 1, 29, 1, 1),
('110069', 'طالب هندسة برمجيات 69', 'swe69@student.just.edu.jo', '123456', 'هندسة البرمجيات', '2026-06-04 19:00:32', 2, 29, 1, 2),
('110070', 'طالب هندسة برمجيات 70', 'swe70@student.just.edu.jo', '123456', 'هندسة البرمجيات', '2026-06-04 19:00:32', 1, 29, 1, 3),
('110071', 'طالب هندسة برمجيات 71', 'swe71@student.just.edu.jo', '123456', 'هندسة البرمجيات', '2026-06-04 19:00:32', 2, 29, 1, 4),
('110072', 'طالب هندسة برمجيات 72', 'swe72@student.just.edu.jo', '123456', 'هندسة البرمجيات', '2026-06-04 19:00:32', 1, 29, 1, 1),
('110073', 'طالب هندسة برمجيات 73', 'swe73@student.just.edu.jo', '123456', 'هندسة البرمجيات', '2026-06-04 19:00:32', 2, 29, 1, 2),
('110074', 'طالب هندسة برمجيات 74', 'swe74@student.just.edu.jo', '123456', 'هندسة البرمجيات', '2026-06-04 19:00:32', 1, 29, 1, 3),
('110075', 'طالب هندسة برمجيات 75', 'swe75@student.just.edu.jo', '123456', 'هندسة البرمجيات', '2026-06-04 19:00:32', 2, 29, 1, 4),
('110076', 'طالب هندسة برمجيات 76', 'swe76@student.just.edu.jo', '123456', 'هندسة البرمجيات', '2026-06-04 19:00:32', 1, 29, 1, 1),
('110077', 'طالب هندسة برمجيات 77', 'swe77@student.just.edu.jo', '123456', 'هندسة البرمجيات', '2026-06-04 19:00:32', 2, 29, 1, 2),
('110078', 'طالب هندسة برمجيات 78', 'swe78@student.just.edu.jo', '123456', 'هندسة البرمجيات', '2026-06-04 19:00:32', 1, 29, 1, 3),
('110079', 'طالب هندسة برمجيات 79', 'swe79@student.just.edu.jo', '123456', 'هندسة البرمجيات', '2026-06-04 19:00:32', 2, 29, 1, 4),
('110080', 'طالب هندسة برمجيات 80', 'swe80@student.just.edu.jo', '123456', 'هندسة البرمجيات', '2026-06-04 19:00:32', 1, 29, 1, 1),
('110081', 'طالب هندسة برمجيات 81', 'swe81@student.just.edu.jo', '123456', 'هندسة البرمجيات', '2026-06-04 19:00:32', 2, 29, 1, 2),
('110082', 'طالب هندسة برمجيات 82', 'swe82@student.just.edu.jo', '123456', 'هندسة البرمجيات', '2026-06-04 19:00:32', 1, 29, 1, 3),
('110083', 'طالب هندسة برمجيات 83', 'swe83@student.just.edu.jo', '123456', 'هندسة البرمجيات', '2026-06-04 19:00:32', 2, 29, 1, 4),
('110084', 'طالب هندسة برمجيات 84', 'swe84@student.just.edu.jo', '123456', 'هندسة البرمجيات', '2026-06-04 19:00:32', 1, 29, 1, 1),
('110085', 'طالب هندسة برمجيات 85', 'swe85@student.just.edu.jo', '123456', 'هندسة البرمجيات', '2026-06-04 19:00:32', 2, 29, 1, 2),
('110086', 'طالب هندسة برمجيات 86', 'swe86@student.just.edu.jo', '123456', 'هندسة البرمجيات', '2026-06-04 19:00:32', 1, 29, 1, 3),
('110087', 'طالب هندسة برمجيات 87', 'swe87@student.just.edu.jo', '123456', 'هندسة البرمجيات', '2026-06-04 19:00:32', 2, 29, 1, 4),
('110088', 'طالب هندسة برمجيات 88', 'swe88@student.just.edu.jo', '123456', 'هندسة البرمجيات', '2026-06-04 19:00:32', 1, 29, 1, 1),
('110089', 'طالب هندسة برمجيات 89', 'swe89@student.just.edu.jo', '123456', 'هندسة البرمجيات', '2026-06-04 19:00:32', 2, 29, 1, 2),
('110090', 'طالب هندسة برمجيات 90', 'swe90@student.just.edu.jo', '123456', 'هندسة البرمجيات', '2026-06-04 19:00:32', 1, 29, 1, 3),
('110091', 'طالب هندسة برمجيات 91', 'swe91@student.just.edu.jo', '123456', 'هندسة البرمجيات', '2026-06-04 19:00:32', 2, 29, 1, 4),
('110092', 'طالب هندسة برمجيات 92', 'swe92@student.just.edu.jo', '123456', 'هندسة البرمجيات', '2026-06-04 19:00:32', 1, 29, 1, 1),
('110093', 'طالب هندسة برمجيات 93', 'swe93@student.just.edu.jo', '123456', 'هندسة البرمجيات', '2026-06-04 19:00:32', 2, 29, 1, 2),
('110094', 'طالب هندسة برمجيات 94', 'swe94@student.just.edu.jo', '123456', 'هندسة البرمجيات', '2026-06-04 19:00:32', 1, 29, 1, 3),
('110095', 'طالب هندسة برمجيات 95', 'swe95@student.just.edu.jo', '123456', 'هندسة البرمجيات', '2026-06-04 19:00:32', 2, 29, 1, 4),
('110096', 'طالب هندسة برمجيات 96', 'swe96@student.just.edu.jo', '123456', 'هندسة البرمجيات', '2026-06-04 19:00:32', 1, 29, 1, 1),
('110097', 'طالب هندسة برمجيات 97', 'swe97@student.just.edu.jo', '123456', 'هندسة البرمجيات', '2026-06-04 19:00:32', 2, 29, 1, 2),
('110098', 'طالب هندسة برمجيات 98', 'swe98@student.just.edu.jo', '123456', 'هندسة البرمجيات', '2026-06-04 19:00:32', 1, 29, 1, 3),
('110099', 'طالب هندسة برمجيات 99', 'swe99@student.just.edu.jo', '123456', 'هندسة البرمجيات', '2026-06-04 19:00:32', 2, 29, 1, 4),
('110100', 'طالب هندسة برمجيات 100', 'swe100@student.just.edu.jo', '123456', 'هندسة البرمجيات', '2026-06-04 19:00:32', 1, 29, 1, 1),
('110101', 'طالب هندسة برمجيات 101', 'swe101@student.just.edu.jo', '123456', 'هندسة البرمجيات', '2026-06-04 19:00:32', 2, 29, 1, 2),
('110102', 'طالب هندسة برمجيات 102', 'swe102@student.just.edu.jo', '123456', 'هندسة البرمجيات', '2026-06-04 19:00:32', 1, 29, 1, 3),
('110103', 'طالب هندسة برمجيات 103', 'swe103@student.just.edu.jo', '123456', 'هندسة البرمجيات', '2026-06-04 19:00:32', 2, 29, 1, 4),
('110104', 'طالب هندسة برمجيات 104', 'swe104@student.just.edu.jo', '123456', 'هندسة البرمجيات', '2026-06-04 19:00:32', 1, 29, 1, 1),
('110105', 'طالب هندسة برمجيات 105', 'swe105@student.just.edu.jo', '123456', 'هندسة البرمجيات', '2026-06-04 19:00:32', 2, 29, 1, 2),
('110106', 'طالب هندسة برمجيات 106', 'swe106@student.just.edu.jo', '123456', 'هندسة البرمجيات', '2026-06-04 19:00:32', 1, 29, 1, 3),
('110107', 'طالب هندسة برمجيات 107', 'swe107@student.just.edu.jo', '123456', 'هندسة البرمجيات', '2026-06-04 19:00:32', 2, 29, 1, 4),
('110108', 'طالب هندسة برمجيات 108', 'swe108@student.just.edu.jo', '123456', 'هندسة البرمجيات', '2026-06-04 19:00:32', 1, 29, 1, 1),
('110109', 'طالب هندسة برمجيات 109', 'swe109@student.just.edu.jo', '123456', 'هندسة البرمجيات', '2026-06-04 19:00:32', 2, 29, 1, 2),
('110110', 'طالب هندسة برمجيات 110', 'swe110@student.just.edu.jo', '123456', 'هندسة البرمجيات', '2026-06-04 19:00:32', 1, 29, 1, 3),
('110111', 'طالب هندسة برمجيات 111', 'swe111@student.just.edu.jo', '123456', 'هندسة البرمجيات', '2026-06-04 19:00:32', 2, 29, 1, 4),
('110112', 'طالب هندسة برمجيات 112', 'swe112@student.just.edu.jo', '123456', 'هندسة البرمجيات', '2026-06-04 19:00:32', 1, 29, 1, 1),
('110113', 'طالب هندسة برمجيات 113', 'swe113@student.just.edu.jo', '123456', 'هندسة البرمجيات', '2026-06-04 19:00:32', 2, 29, 1, 2),
('110114', 'طالب هندسة برمجيات 114', 'swe114@student.just.edu.jo', '123456', 'هندسة البرمجيات', '2026-06-04 19:00:32', 1, 29, 1, 3),
('110115', 'طالب هندسة برمجيات 115', 'swe115@student.just.edu.jo', '123456', 'هندسة البرمجيات', '2026-06-04 19:00:32', 2, 29, 1, 4),
('110116', 'طالب هندسة برمجيات 116', 'swe116@student.just.edu.jo', '123456', 'هندسة البرمجيات', '2026-06-04 19:00:32', 1, 29, 1, 1),
('110117', 'طالب هندسة برمجيات 117', 'swe117@student.just.edu.jo', '123456', 'هندسة البرمجيات', '2026-06-04 19:00:32', 2, 29, 1, 2),
('110118', 'طالب هندسة برمجيات 118', 'swe118@student.just.edu.jo', '123456', 'هندسة البرمجيات', '2026-06-04 19:00:32', 1, 29, 1, 3),
('110119', 'طالب هندسة برمجيات 119', 'swe119@student.just.edu.jo', '123456', 'هندسة البرمجيات', '2026-06-04 19:00:32', 2, 29, 1, 4),
('110120', 'طالب هندسة برمجيات 120', 'swe120@student.just.edu.jo', '123456', 'هندسة البرمجيات', '2026-06-04 19:00:32', 1, 29, 1, 1),
('110121', 'طالب هندسة برمجيات 121', 'swe121@student.just.edu.jo', '123456', 'هندسة البرمجيات', '2026-06-04 19:00:32', 2, 29, 1, 2),
('110122', 'طالب هندسة برمجيات 122', 'swe122@student.just.edu.jo', '123456', 'هندسة البرمجيات', '2026-06-04 19:00:32', 1, 29, 1, 3),
('110123', 'طالب هندسة برمجيات 123', 'swe123@student.just.edu.jo', '123456', 'هندسة البرمجيات', '2026-06-04 19:00:32', 2, 29, 1, 4),
('110124', 'طالب هندسة برمجيات 124', 'swe124@student.just.edu.jo', '123456', 'هندسة البرمجيات', '2026-06-04 19:00:32', 1, 29, 1, 1),
('110125', 'طالب هندسة برمجيات 125', 'swe125@student.just.edu.jo', '123456', 'هندسة البرمجيات', '2026-06-04 19:00:32', 2, 29, 1, 2),
('110126', 'طالب هندسة برمجيات 126', 'swe126@student.just.edu.jo', '123456', 'هندسة البرمجيات', '2026-06-04 19:00:32', 1, 29, 1, 3),
('110127', 'طالب هندسة برمجيات 127', 'swe127@student.just.edu.jo', '123456', 'هندسة البرمجيات', '2026-06-04 19:00:32', 2, 29, 1, 4),
('110128', 'طالب هندسة برمجيات 128', 'swe128@student.just.edu.jo', '123456', 'هندسة البرمجيات', '2026-06-04 19:00:32', 1, 29, 1, 1),
('110129', 'طالب هندسة برمجيات 129', 'swe129@student.just.edu.jo', '123456', 'هندسة البرمجيات', '2026-06-04 19:00:32', 2, 29, 1, 2),
('110130', 'طالب هندسة برمجيات 130', 'swe130@student.just.edu.jo', '123456', 'هندسة البرمجيات', '2026-06-04 19:00:32', 1, 29, 1, 3),
('110131', 'طالب هندسة برمجيات 131', 'swe131@student.just.edu.jo', '123456', 'هندسة البرمجيات', '2026-06-04 19:00:32', 2, 29, 1, 4),
('110132', 'طالب هندسة برمجيات 132', 'swe132@student.just.edu.jo', '123456', 'هندسة البرمجيات', '2026-06-04 19:00:32', 1, 29, 1, 1),
('110133', 'طالب هندسة برمجيات 133', 'swe133@student.just.edu.jo', '123456', 'هندسة البرمجيات', '2026-06-04 19:00:32', 2, 29, 1, 2),
('110134', 'طالب هندسة برمجيات 134', 'swe134@student.just.edu.jo', '123456', 'هندسة البرمجيات', '2026-06-04 19:00:32', 1, 29, 1, 3),
('110135', 'طالب هندسة برمجيات 135', 'swe135@student.just.edu.jo', '123456', 'هندسة البرمجيات', '2026-06-04 19:00:32', 2, 29, 1, 4),
('110136', 'طالب هندسة برمجيات 136', 'swe136@student.just.edu.jo', '123456', 'هندسة البرمجيات', '2026-06-04 19:00:32', 1, 29, 1, 1),
('110137', 'طالب هندسة برمجيات 137', 'swe137@student.just.edu.jo', '123456', 'هندسة البرمجيات', '2026-06-04 19:00:32', 2, 29, 1, 2),
('110138', 'طالب هندسة برمجيات 138', 'swe138@student.just.edu.jo', '123456', 'هندسة البرمجيات', '2026-06-04 19:00:32', 1, 29, 1, 3),
('110139', 'طالب هندسة برمجيات 139', 'swe139@student.just.edu.jo', '123456', 'هندسة البرمجيات', '2026-06-04 19:00:32', 2, 29, 1, 4),
('110140', 'طالب هندسة برمجيات 140', 'swe140@student.just.edu.jo', '123456', 'هندسة البرمجيات', '2026-06-04 19:00:32', 1, 29, 1, 1),
('110141', 'طالب هندسة برمجيات 141', 'swe141@student.just.edu.jo', '123456', 'هندسة البرمجيات', '2026-06-04 19:00:32', 2, 29, 1, 2),
('110142', 'طالب هندسة برمجيات 142', 'swe142@student.just.edu.jo', '123456', 'هندسة البرمجيات', '2026-06-04 19:00:32', 1, 29, 1, 3),
('110143', 'طالب هندسة برمجيات 143', 'swe143@student.just.edu.jo', '123456', 'هندسة البرمجيات', '2026-06-04 19:00:32', 2, 29, 1, 4),
('110144', 'طالب هندسة برمجيات 144', 'swe144@student.just.edu.jo', '123456', 'هندسة البرمجيات', '2026-06-04 19:00:32', 1, 29, 1, 1),
('110145', 'طالب هندسة برمجيات 145', 'swe145@student.just.edu.jo', '123456', 'هندسة البرمجيات', '2026-06-04 19:00:32', 2, 29, 1, 2),
('110146', 'طالب هندسة برمجيات 146', 'swe146@student.just.edu.jo', '123456', 'هندسة البرمجيات', '2026-06-04 19:00:32', 1, 29, 1, 3),
('110147', 'طالب هندسة برمجيات 147', 'swe147@student.just.edu.jo', '123456', 'هندسة البرمجيات', '2026-06-04 19:00:32', 2, 29, 1, 4),
('110148', 'طالب هندسة برمجيات 148', 'swe148@student.just.edu.jo', '123456', 'هندسة البرمجيات', '2026-06-04 19:00:32', 1, 29, 1, 1),
('110149', 'طالب هندسة برمجيات 149', 'swe149@student.just.edu.jo', '123456', 'هندسة البرمجيات', '2026-06-04 19:00:32', 2, 29, 1, 2),
('110150', 'طالب هندسة برمجيات 150', 'swe150@student.just.edu.jo', '123456', 'هندسة البرمجيات', '2026-06-04 19:00:32', 1, 29, 1, 3),
('110151', 'طالب هندسة برمجيات 151', 'swe151@student.just.edu.jo', '123456', 'هندسة البرمجيات', '2026-06-04 19:00:32', 2, 29, 1, 4),
('110152', 'طالب هندسة برمجيات 152', 'swe152@student.just.edu.jo', '123456', 'هندسة البرمجيات', '2026-06-04 19:00:32', 1, 29, 1, 1),
('110153', 'طالب هندسة برمجيات 153', 'swe153@student.just.edu.jo', '123456', 'هندسة البرمجيات', '2026-06-04 19:00:32', 2, 29, 1, 2),
('110154', 'طالب هندسة برمجيات 154', 'swe154@student.just.edu.jo', '123456', 'هندسة البرمجيات', '2026-06-04 19:00:32', 1, 29, 1, 3),
('110155', 'طالب هندسة برمجيات 155', 'swe155@student.just.edu.jo', '123456', 'هندسة البرمجيات', '2026-06-04 19:00:32', 2, 29, 1, 4),
('110156', 'طالب هندسة برمجيات 156', 'swe156@student.just.edu.jo', '123456', 'هندسة البرمجيات', '2026-06-04 19:00:32', 1, 29, 1, 1),
('110157', 'طالب هندسة برمجيات 157', 'swe157@student.just.edu.jo', '123456', 'هندسة البرمجيات', '2026-06-04 19:00:32', 2, 29, 1, 2),
('110158', 'طالب هندسة برمجيات 158', 'swe158@student.just.edu.jo', '123456', 'هندسة البرمجيات', '2026-06-04 19:00:32', 1, 29, 1, 3),
('110159', 'طالب هندسة برمجيات 159', 'swe159@student.just.edu.jo', '123456', 'هندسة البرمجيات', '2026-06-04 19:00:32', 2, 29, 1, 4),
('110160', 'طالب هندسة برمجيات 160', 'swe160@student.just.edu.jo', '123456', 'هندسة البرمجيات', '2026-06-04 19:00:32', 1, 29, 1, 1),
('110161', 'طالب هندسة برمجيات 161', 'swe161@student.just.edu.jo', '123456', 'هندسة البرمجيات', '2026-06-04 19:00:32', 2, 29, 1, 2),
('110162', 'طالب هندسة برمجيات 162', 'swe162@student.just.edu.jo', '123456', 'هندسة البرمجيات', '2026-06-04 19:00:32', 1, 29, 1, 3),
('110163', 'طالب هندسة برمجيات 163', 'swe163@student.just.edu.jo', '123456', 'هندسة البرمجيات', '2026-06-04 19:00:32', 2, 29, 1, 4),
('110164', 'طالب هندسة برمجيات 164', 'swe164@student.just.edu.jo', '123456', 'هندسة البرمجيات', '2026-06-04 19:00:32', 1, 29, 1, 1),
('110165', 'طالب هندسة برمجيات 165', 'swe165@student.just.edu.jo', '123456', 'هندسة البرمجيات', '2026-06-04 19:00:32', 2, 29, 1, 2),
('110166', 'طالب هندسة برمجيات 166', 'swe166@student.just.edu.jo', '123456', 'هندسة البرمجيات', '2026-06-04 19:00:32', 1, 29, 1, 3),
('110167', 'طالب هندسة برمجيات 167', 'swe167@student.just.edu.jo', '123456', 'هندسة البرمجيات', '2026-06-04 19:00:32', 2, 29, 1, 4),
('110168', 'طالب هندسة برمجيات 168', 'swe168@student.just.edu.jo', '123456', 'هندسة البرمجيات', '2026-06-04 19:00:32', 1, 29, 1, 1),
('110169', 'طالب هندسة برمجيات 169', 'swe169@student.just.edu.jo', '123456', 'هندسة البرمجيات', '2026-06-04 19:00:32', 2, 29, 1, 2),
('110170', 'طالب هندسة برمجيات 170', 'swe170@student.just.edu.jo', '123456', 'هندسة البرمجيات', '2026-06-04 19:00:32', 1, 29, 1, 3),
('110171', 'طالب هندسة برمجيات 171', 'swe171@student.just.edu.jo', '123456', 'هندسة البرمجيات', '2026-06-04 19:00:32', 2, 29, 1, 4),
('110172', 'طالب هندسة برمجيات 172', 'swe172@student.just.edu.jo', '123456', 'هندسة البرمجيات', '2026-06-04 19:00:32', 1, 29, 1, 1),
('110173', 'طالب هندسة برمجيات 173', 'swe173@student.just.edu.jo', '123456', 'هندسة البرمجيات', '2026-06-04 19:00:32', 2, 29, 1, 2),
('110174', 'طالب هندسة برمجيات 174', 'swe174@student.just.edu.jo', '123456', 'هندسة البرمجيات', '2026-06-04 19:00:32', 1, 29, 1, 3),
('110175', 'طالب هندسة برمجيات 175', 'swe175@student.just.edu.jo', '123456', 'هندسة البرمجيات', '2026-06-04 19:00:32', 2, 29, 1, 4),
('110176', 'طالب هندسة برمجيات 176', 'swe176@student.just.edu.jo', '123456', 'هندسة البرمجيات', '2026-06-04 19:00:32', 1, 29, 1, 1),
('110177', 'طالب هندسة برمجيات 177', 'swe177@student.just.edu.jo', '123456', 'هندسة البرمجيات', '2026-06-04 19:00:32', 2, 29, 1, 2),
('110178', 'طالب هندسة برمجيات 178', 'swe178@student.just.edu.jo', '123456', 'هندسة البرمجيات', '2026-06-04 19:00:32', 1, 29, 1, 3),
('110179', 'طالب هندسة برمجيات 179', 'swe179@student.just.edu.jo', '123456', 'هندسة البرمجيات', '2026-06-04 19:00:32', 2, 29, 1, 4),
('110180', 'طالب هندسة برمجيات 180', 'swe180@student.just.edu.jo', '123456', 'هندسة البرمجيات', '2026-06-04 19:00:32', 1, 29, 1, 1),
('110181', 'طالب هندسة برمجيات 181', 'swe181@student.just.edu.jo', '123456', 'هندسة البرمجيات', '2026-06-04 19:00:32', 2, 29, 1, 2),
('110182', 'طالب هندسة برمجيات 182', 'swe182@student.just.edu.jo', '123456', 'هندسة البرمجيات', '2026-06-04 19:00:32', 1, 29, 1, 3),
('110183', 'طالب هندسة برمجيات 183', 'swe183@student.just.edu.jo', '123456', 'هندسة البرمجيات', '2026-06-04 19:00:32', 2, 29, 1, 4),
('110184', 'طالب هندسة برمجيات 184', 'swe184@student.just.edu.jo', '123456', 'هندسة البرمجيات', '2026-06-04 19:00:32', 1, 29, 1, 1),
('110185', 'طالب هندسة برمجيات 185', 'swe185@student.just.edu.jo', '123456', 'هندسة البرمجيات', '2026-06-04 19:00:32', 2, 29, 1, 2),
('110186', 'طالب هندسة برمجيات 186', 'swe186@student.just.edu.jo', '123456', 'هندسة البرمجيات', '2026-06-04 19:00:32', 1, 29, 1, 3),
('110187', 'طالب هندسة برمجيات 187', 'swe187@student.just.edu.jo', '123456', 'هندسة البرمجيات', '2026-06-04 19:00:32', 2, 29, 1, 4),
('110188', 'طالب هندسة برمجيات 188', 'swe188@student.just.edu.jo', '123456', 'هندسة البرمجيات', '2026-06-04 19:00:32', 1, 29, 1, 1),
('110189', 'طالب هندسة برمجيات 189', 'swe189@student.just.edu.jo', '123456', 'هندسة البرمجيات', '2026-06-04 19:00:32', 2, 29, 1, 2),
('110190', 'طالب هندسة برمجيات 190', 'swe190@student.just.edu.jo', '123456', 'هندسة البرمجيات', '2026-06-04 19:00:32', 1, 29, 1, 3),
('110191', 'طالب هندسة برمجيات 191', 'swe191@student.just.edu.jo', '123456', 'هندسة البرمجيات', '2026-06-04 19:00:32', 2, 29, 1, 4),
('110192', 'طالب هندسة برمجيات 192', 'swe192@student.just.edu.jo', '123456', 'هندسة البرمجيات', '2026-06-04 19:00:32', 1, 29, 1, 1),
('110193', 'طالب هندسة برمجيات 193', 'swe193@student.just.edu.jo', '123456', 'هندسة البرمجيات', '2026-06-04 19:00:32', 2, 29, 1, 2),
('110194', 'طالب هندسة برمجيات 194', 'swe194@student.just.edu.jo', '123456', 'هندسة البرمجيات', '2026-06-04 19:00:32', 1, 29, 1, 3),
('110195', 'طالب هندسة برمجيات 195', 'swe195@student.just.edu.jo', '123456', 'هندسة البرمجيات', '2026-06-04 19:00:32', 2, 29, 1, 4),
('110196', 'طالب هندسة برمجيات 196', 'swe196@student.just.edu.jo', '123456', 'هندسة البرمجيات', '2026-06-04 19:00:32', 1, 29, 1, 1),
('110197', 'طالب هندسة برمجيات 197', 'swe197@student.just.edu.jo', '123456', 'هندسة البرمجيات', '2026-06-04 19:00:32', 2, 29, 1, 2),
('110198', 'طالب هندسة برمجيات 198', 'swe198@student.just.edu.jo', '123456', 'هندسة البرمجيات', '2026-06-04 19:00:32', 1, 29, 1, 3),
('110199', 'طالب هندسة برمجيات 199', 'swe199@student.just.edu.jo', '123456', 'هندسة البرمجيات', '2026-06-04 19:00:32', 2, 29, 1, 4),
('110200', 'طالب هندسة برمجيات 200', 'swe200@student.just.edu.jo', '123456', 'هندسة البرمجيات', '2026-06-04 19:00:32', 1, 29, 1, 1),
('110201', 'طالب هندسة برمجيات 201', 'swe201@student.just.edu.jo', '123456', 'هندسة البرمجيات', '2026-06-04 19:00:32', 2, 29, 1, 2),
('110202', 'طالب هندسة برمجيات 202', 'swe202@student.just.edu.jo', '123456', 'هندسة البرمجيات', '2026-06-04 19:00:32', 1, 29, 1, 3),
('110203', 'طالب هندسة برمجيات 203', 'swe203@student.just.edu.jo', '123456', 'هندسة البرمجيات', '2026-06-04 19:00:32', 2, 29, 1, 4),
('110204', 'طالب هندسة برمجيات 204', 'swe204@student.just.edu.jo', '123456', 'هندسة البرمجيات', '2026-06-04 19:00:32', 1, 29, 1, 1),
('110205', 'طالب هندسة برمجيات 205', 'swe205@student.just.edu.jo', '123456', 'هندسة البرمجيات', '2026-06-04 19:00:32', 2, 29, 1, 2),
('110206', 'طالب هندسة برمجيات 206', 'swe206@student.just.edu.jo', '123456', 'هندسة البرمجيات', '2026-06-04 19:00:32', 1, 29, 1, 3),
('110207', 'طالب هندسة برمجيات 207', 'swe207@student.just.edu.jo', '123456', 'هندسة البرمجيات', '2026-06-04 19:00:32', 2, 29, 1, 4),
('110208', 'طالب هندسة برمجيات 208', 'swe208@student.just.edu.jo', '123456', 'هندسة البرمجيات', '2026-06-04 19:00:32', 1, 29, 1, 1),
('110209', 'طالب هندسة برمجيات 209', 'swe209@student.just.edu.jo', '123456', 'هندسة البرمجيات', '2026-06-04 19:00:32', 2, 29, 1, 2),
('110210', 'طالب هندسة برمجيات 210', 'swe210@student.just.edu.jo', '123456', 'هندسة البرمجيات', '2026-06-04 19:00:32', 1, 29, 1, 3),
('110211', 'طالب هندسة برمجيات 211', 'swe211@student.just.edu.jo', '123456', 'هندسة البرمجيات', '2026-06-04 19:00:32', 2, 29, 1, 4),
('110212', 'طالب هندسة برمجيات 212', 'swe212@student.just.edu.jo', '123456', 'هندسة البرمجيات', '2026-06-04 19:00:32', 1, 29, 1, 1),
('110213', 'طالب هندسة برمجيات 213', 'swe213@student.just.edu.jo', '123456', 'هندسة البرمجيات', '2026-06-04 19:00:32', 2, 29, 1, 2),
('110214', 'طالب هندسة برمجيات 214', 'swe214@student.just.edu.jo', '123456', 'هندسة البرمجيات', '2026-06-04 19:00:32', 1, 29, 1, 3),
('110215', 'طالب هندسة برمجيات 215', 'swe215@student.just.edu.jo', '123456', 'هندسة البرمجيات', '2026-06-04 19:00:32', 2, 29, 1, 4),
('110216', 'طالب هندسة برمجيات 216', 'swe216@student.just.edu.jo', '123456', 'هندسة البرمجيات', '2026-06-04 19:00:32', 1, 29, 1, 1),
('110217', 'طالب هندسة برمجيات 217', 'swe217@student.just.edu.jo', '123456', 'هندسة البرمجيات', '2026-06-04 19:00:32', 2, 29, 1, 2),
('110218', 'طالب هندسة برمجيات 218', 'swe218@student.just.edu.jo', '123456', 'هندسة البرمجيات', '2026-06-04 19:00:32', 1, 29, 1, 3),
('110219', 'طالب هندسة برمجيات 219', 'swe219@student.just.edu.jo', '123456', 'هندسة البرمجيات', '2026-06-04 19:00:32', 2, 29, 1, 4),
('110220', 'طالب هندسة برمجيات 220', 'swe220@student.just.edu.jo', '123456', 'هندسة البرمجيات', '2026-06-04 19:00:32', 1, 29, 1, 1),
('110221', 'طالب هندسة برمجيات 221', 'swe221@student.just.edu.jo', '123456', 'هندسة البرمجيات', '2026-06-04 19:00:32', 2, 29, 1, 2),
('110222', 'طالب هندسة برمجيات 222', 'swe222@student.just.edu.jo', '123456', 'هندسة البرمجيات', '2026-06-04 19:00:32', 1, 29, 1, 3),
('110223', 'طالب هندسة برمجيات 223', 'swe223@student.just.edu.jo', '123456', 'هندسة البرمجيات', '2026-06-04 19:00:32', 2, 29, 1, 4),
('110224', 'طالب هندسة برمجيات 224', 'swe224@student.just.edu.jo', '123456', 'هندسة البرمجيات', '2026-06-04 19:00:32', 1, 29, 1, 1),
('110225', 'طالب هندسة برمجيات 225', 'swe225@student.just.edu.jo', '123456', 'هندسة البرمجيات', '2026-06-04 19:00:32', 2, 29, 1, 2),
('110226', 'طالب هندسة برمجيات 226', 'swe226@student.just.edu.jo', '123456', 'هندسة البرمجيات', '2026-06-04 19:00:32', 1, 29, 1, 3),
('110227', 'طالب هندسة برمجيات 227', 'swe227@student.just.edu.jo', '123456', 'هندسة البرمجيات', '2026-06-04 19:00:32', 2, 29, 1, 4),
('110228', 'طالب هندسة برمجيات 228', 'swe228@student.just.edu.jo', '123456', 'هندسة البرمجيات', '2026-06-04 19:00:32', 1, 29, 1, 1),
('110229', 'طالب هندسة برمجيات 229', 'swe229@student.just.edu.jo', '123456', 'هندسة البرمجيات', '2026-06-04 19:00:32', 2, 29, 1, 2),
('110230', 'طالب هندسة برمجيات 230', 'swe230@student.just.edu.jo', '123456', 'هندسة البرمجيات', '2026-06-04 19:00:32', 1, 29, 1, 3),
('110231', 'طالب هندسة برمجيات 231', 'swe231@student.just.edu.jo', '123456', 'هندسة البرمجيات', '2026-06-04 19:00:32', 2, 29, 1, 4),
('110232', 'طالب هندسة برمجيات 232', 'swe232@student.just.edu.jo', '123456', 'هندسة البرمجيات', '2026-06-04 19:00:32', 1, 29, 1, 1),
('110233', 'طالب هندسة برمجيات 233', 'swe233@student.just.edu.jo', '123456', 'هندسة البرمجيات', '2026-06-04 19:00:32', 2, 29, 1, 2),
('110234', 'طالب هندسة برمجيات 234', 'swe234@student.just.edu.jo', '123456', 'هندسة البرمجيات', '2026-06-04 19:00:32', 1, 29, 1, 3),
('110235', 'طالب هندسة برمجيات 235', 'swe235@student.just.edu.jo', '123456', 'هندسة البرمجيات', '2026-06-04 19:00:32', 2, 29, 1, 4),
('110236', 'طالب هندسة برمجيات 236', 'swe236@student.just.edu.jo', '123456', 'هندسة البرمجيات', '2026-06-04 19:00:32', 1, 29, 1, 1),
('110237', 'طالب هندسة برمجيات 237', 'swe237@student.just.edu.jo', '123456', 'هندسة البرمجيات', '2026-06-04 19:00:32', 2, 29, 1, 2),
('110238', 'طالب هندسة برمجيات 238', 'swe238@student.just.edu.jo', '123456', 'هندسة البرمجيات', '2026-06-04 19:00:32', 1, 29, 1, 3),
('110239', 'طالب هندسة برمجيات 239', 'swe239@student.just.edu.jo', '123456', 'هندسة البرمجيات', '2026-06-04 19:00:32', 2, 29, 1, 4),
('110240', 'طالب هندسة برمجيات 240', 'swe240@student.just.edu.jo', '123456', 'هندسة البرمجيات', '2026-06-04 19:00:32', 1, 29, 1, 1),
('110241', 'طالب هندسة برمجيات 241', 'swe241@student.just.edu.jo', '123456', 'هندسة البرمجيات', '2026-06-04 19:00:32', 2, 29, 1, 2),
('110242', 'طالب هندسة برمجيات 242', 'swe242@student.just.edu.jo', '123456', 'هندسة البرمجيات', '2026-06-04 19:00:32', 1, 29, 1, 3),
('110243', 'طالب هندسة برمجيات 243', 'swe243@student.just.edu.jo', '123456', 'هندسة البرمجيات', '2026-06-04 19:00:32', 2, 29, 1, 4),
('110244', 'طالب هندسة برمجيات 244', 'swe244@student.just.edu.jo', '123456', 'هندسة البرمجيات', '2026-06-04 19:00:32', 1, 29, 1, 1),
('110245', 'طالب هندسة برمجيات 245', 'swe245@student.just.edu.jo', '123456', 'هندسة البرمجيات', '2026-06-04 19:00:32', 2, 29, 1, 2),
('110246', 'طالب هندسة برمجيات 246', 'swe246@student.just.edu.jo', '123456', 'هندسة البرمجيات', '2026-06-04 19:00:32', 1, 29, 1, 3),
('110247', 'طالب هندسة برمجيات 247', 'swe247@student.just.edu.jo', '123456', 'هندسة البرمجيات', '2026-06-04 19:00:32', 2, 29, 1, 4),
('110248', 'طالب هندسة برمجيات 248', 'swe248@student.just.edu.jo', '123456', 'هندسة البرمجيات', '2026-06-04 19:00:32', 1, 29, 1, 1),
('110249', 'طالب هندسة برمجيات 249', 'swe249@student.just.edu.jo', '123456', 'هندسة البرمجيات', '2026-06-04 19:00:32', 2, 29, 1, 2),
('110250', 'طالب هندسة برمجيات 250', 'swe250@student.just.edu.jo', '123456', 'هندسة البرمجيات', '2026-06-04 19:00:32', 1, 29, 1, 3),
('110251', 'طالب هندسة برمجيات 251', 'swe251@student.just.edu.jo', '123456', 'هندسة البرمجيات', '2026-06-04 19:00:32', 2, 29, 1, 4),
('110252', 'طالب هندسة برمجيات 252', 'swe252@student.just.edu.jo', '123456', 'هندسة البرمجيات', '2026-06-04 19:00:32', 1, 29, 1, 1),
('110253', 'طالب هندسة برمجيات 253', 'swe253@student.just.edu.jo', '123456', 'هندسة البرمجيات', '2026-06-04 19:00:32', 2, 29, 1, 2),
('110254', 'طالب هندسة برمجيات 254', 'swe254@student.just.edu.jo', '123456', 'هندسة البرمجيات', '2026-06-04 19:00:32', 1, 29, 1, 3),
('110255', 'طالب هندسة برمجيات 255', 'swe255@student.just.edu.jo', '123456', 'هندسة البرمجيات', '2026-06-04 19:00:32', 2, 29, 1, 4),
('110256', 'طالب هندسة برمجيات 256', 'swe256@student.just.edu.jo', '123456', 'هندسة البرمجيات', '2026-06-04 19:00:32', 1, 29, 1, 1),
('110257', 'طالب هندسة برمجيات 257', 'swe257@student.just.edu.jo', '123456', 'هندسة البرمجيات', '2026-06-04 19:00:32', 2, 29, 1, 2),
('110258', 'طالب هندسة برمجيات 258', 'swe258@student.just.edu.jo', '123456', 'هندسة البرمجيات', '2026-06-04 19:00:32', 1, 29, 1, 3),
('110259', 'طالب هندسة برمجيات 259', 'swe259@student.just.edu.jo', '123456', 'هندسة البرمجيات', '2026-06-04 19:00:32', 2, 29, 1, 4),
('110260', 'طالب هندسة برمجيات 260', 'swe260@student.just.edu.jo', '123456', 'هندسة البرمجيات', '2026-06-04 19:00:32', 1, 29, 1, 1),
('110261', 'طالب هندسة برمجيات 261', 'swe261@student.just.edu.jo', '123456', 'هندسة البرمجيات', '2026-06-04 19:00:32', 2, 29, 1, 2),
('110262', 'طالب هندسة برمجيات 262', 'swe262@student.just.edu.jo', '123456', 'هندسة البرمجيات', '2026-06-04 19:00:32', 1, 29, 1, 3),
('110263', 'طالب هندسة برمجيات 263', 'swe263@student.just.edu.jo', '123456', 'هندسة البرمجيات', '2026-06-04 19:00:32', 2, 29, 1, 4),
('110264', 'طالب هندسة برمجيات 264', 'swe264@student.just.edu.jo', '123456', 'هندسة البرمجيات', '2026-06-04 19:00:32', 1, 29, 1, 1),
('110265', 'طالب هندسة برمجيات 265', 'swe265@student.just.edu.jo', '123456', 'هندسة البرمجيات', '2026-06-04 19:00:32', 2, 29, 1, 2),
('110266', 'طالب هندسة برمجيات 266', 'swe266@student.just.edu.jo', '123456', 'هندسة البرمجيات', '2026-06-04 19:00:32', 1, 29, 1, 3),
('110267', 'طالب هندسة برمجيات 267', 'swe267@student.just.edu.jo', '123456', 'هندسة البرمجيات', '2026-06-04 19:00:32', 2, 29, 1, 4),
('110268', 'طالب هندسة برمجيات 268', 'swe268@student.just.edu.jo', '123456', 'هندسة البرمجيات', '2026-06-04 19:00:32', 1, 29, 1, 1),
('110269', 'طالب هندسة برمجيات 269', 'swe269@student.just.edu.jo', '123456', 'هندسة البرمجيات', '2026-06-04 19:00:32', 2, 29, 1, 2),
('110270', 'طالب هندسة برمجيات 270', 'swe270@student.just.edu.jo', '123456', 'هندسة البرمجيات', '2026-06-04 19:00:32', 1, 29, 1, 3),
('110271', 'طالب هندسة برمجيات 271', 'swe271@student.just.edu.jo', '123456', 'هندسة البرمجيات', '2026-06-04 19:00:32', 2, 29, 1, 4),
('110272', 'طالب هندسة برمجيات 272', 'swe272@student.just.edu.jo', '123456', 'هندسة البرمجيات', '2026-06-04 19:00:32', 1, 29, 1, 1),
('110273', 'طالب هندسة برمجيات 273', 'swe273@student.just.edu.jo', '123456', 'هندسة البرمجيات', '2026-06-04 19:00:32', 2, 29, 1, 2),
('110274', 'طالب هندسة برمجيات 274', 'swe274@student.just.edu.jo', '123456', 'هندسة البرمجيات', '2026-06-04 19:00:32', 1, 29, 1, 3),
('110275', 'طالب هندسة برمجيات 275', 'swe275@student.just.edu.jo', '123456', 'هندسة البرمجيات', '2026-06-04 19:00:32', 2, 29, 1, 4),
('110276', 'طالب هندسة برمجيات 276', 'swe276@student.just.edu.jo', '123456', 'هندسة البرمجيات', '2026-06-04 19:00:32', 1, 29, 1, 1),
('110277', 'طالب هندسة برمجيات 277', 'swe277@student.just.edu.jo', '123456', 'هندسة البرمجيات', '2026-06-04 19:00:32', 2, 29, 1, 2),
('110278', 'طالب هندسة برمجيات 278', 'swe278@student.just.edu.jo', '123456', 'هندسة البرمجيات', '2026-06-04 19:00:32', 1, 29, 1, 3),
('110279', 'طالب هندسة برمجيات 279', 'swe279@student.just.edu.jo', '123456', 'هندسة البرمجيات', '2026-06-04 19:00:32', 2, 29, 1, 4),
('110280', 'طالب هندسة برمجيات 280', 'swe280@student.just.edu.jo', '123456', 'هندسة البرمجيات', '2026-06-04 19:00:32', 1, 29, 1, 1),
('110281', 'طالب هندسة برمجيات 281', 'swe281@student.just.edu.jo', '123456', 'هندسة البرمجيات', '2026-06-04 19:00:32', 2, 29, 1, 2),
('110282', 'طالب هندسة برمجيات 282', 'swe282@student.just.edu.jo', '123456', 'هندسة البرمجيات', '2026-06-04 19:00:32', 1, 29, 1, 3),
('110283', 'طالب هندسة برمجيات 283', 'swe283@student.just.edu.jo', '123456', 'هندسة البرمجيات', '2026-06-04 19:00:32', 2, 29, 1, 4),
('110284', 'طالب هندسة برمجيات 284', 'swe284@student.just.edu.jo', '123456', 'هندسة البرمجيات', '2026-06-04 19:00:32', 1, 29, 1, 1),
('110285', 'طالب هندسة برمجيات 285', 'swe285@student.just.edu.jo', '123456', 'هندسة البرمجيات', '2026-06-04 19:00:32', 2, 29, 1, 2),
('110286', 'طالب هندسة برمجيات 286', 'swe286@student.just.edu.jo', '123456', 'هندسة البرمجيات', '2026-06-04 19:00:32', 1, 29, 1, 3),
('110287', 'طالب هندسة برمجيات 287', 'swe287@student.just.edu.jo', '123456', 'هندسة البرمجيات', '2026-06-04 19:00:32', 2, 29, 1, 4),
('110288', 'طالب هندسة برمجيات 288', 'swe288@student.just.edu.jo', '123456', 'هندسة البرمجيات', '2026-06-04 19:00:32', 1, 29, 1, 1),
('110289', 'طالب هندسة برمجيات 289', 'swe289@student.just.edu.jo', '123456', 'هندسة البرمجيات', '2026-06-04 19:00:32', 2, 29, 1, 2),
('110290', 'طالب هندسة برمجيات 290', 'swe290@student.just.edu.jo', '123456', 'هندسة البرمجيات', '2026-06-04 19:00:32', 1, 29, 1, 3),
('110291', 'طالب هندسة برمجيات 291', 'swe291@student.just.edu.jo', '123456', 'هندسة البرمجيات', '2026-06-04 19:00:32', 2, 29, 1, 4),
('110292', 'طالب هندسة برمجيات 292', 'swe292@student.just.edu.jo', '123456', 'هندسة البرمجيات', '2026-06-04 19:00:32', 1, 29, 1, 1),
('110293', 'طالب هندسة برمجيات 293', 'swe293@student.just.edu.jo', '123456', 'هندسة البرمجيات', '2026-06-04 19:00:32', 2, 29, 1, 2),
('110294', 'طالب هندسة برمجيات 294', 'swe294@student.just.edu.jo', '123456', 'هندسة البرمجيات', '2026-06-04 19:00:32', 1, 29, 1, 3),
('110295', 'طالب هندسة برمجيات 295', 'swe295@student.just.edu.jo', '123456', 'هندسة البرمجيات', '2026-06-04 19:00:32', 2, 29, 1, 4),
('110296', 'طالب هندسة برمجيات 296', 'swe296@student.just.edu.jo', '123456', 'هندسة البرمجيات', '2026-06-04 19:00:32', 1, 29, 1, 1),
('120001', 'طالب علوم حاسوب 1', 'cs1@student.just.edu.jo', '123456', 'علوم الحاسوب', '2026-06-04 19:00:32', 3, 26, 1, 2),
('120002', 'طالب علوم حاسوب 2', 'cs2@student.just.edu.jo', '123456', 'علوم الحاسوب', '2026-06-04 19:00:32', 3, 26, 1, 3),
('120003', 'طالب علوم حاسوب 3', 'cs3@student.just.edu.jo', '123456', 'علوم الحاسوب', '2026-06-04 19:00:32', 3, 26, 1, 4),
('120004', 'طالب علوم حاسوب 4', 'cs4@student.just.edu.jo', '123456', 'علوم الحاسوب', '2026-06-04 19:00:32', 3, 26, 1, 1),
('120005', 'طالب علوم حاسوب 5', 'cs5@student.just.edu.jo', '123456', 'علوم الحاسوب', '2026-06-04 19:00:32', 3, 26, 1, 2),
('120006', 'طالب علوم حاسوب 6', 'cs6@student.just.edu.jo', '123456', 'علوم الحاسوب', '2026-06-04 19:00:32', 3, 26, 1, 3),
('120007', 'طالب علوم حاسوب 7', 'cs7@student.just.edu.jo', '123456', 'علوم الحاسوب', '2026-06-04 19:00:32', 3, 26, 1, 4),
('120008', 'طالب علوم حاسوب 8', 'cs8@student.just.edu.jo', '123456', 'علوم الحاسوب', '2026-06-04 19:00:32', 3, 26, 1, 1),
('120009', 'طالب علوم حاسوب 9', 'cs9@student.just.edu.jo', '123456', 'علوم الحاسوب', '2026-06-04 19:00:32', 3, 26, 1, 2),
('120010', 'طالب علوم حاسوب 10', 'cs10@student.just.edu.jo', '123456', 'علوم الحاسوب', '2026-06-04 19:00:32', 3, 26, 1, 3),
('120011', 'طالب علوم حاسوب 11', 'cs11@student.just.edu.jo', '123456', 'علوم الحاسوب', '2026-06-04 19:00:32', 3, 26, 1, 4),
('120012', 'طالب علوم حاسوب 12', 'cs12@student.just.edu.jo', '123456', 'علوم الحاسوب', '2026-06-04 19:00:32', 3, 26, 1, 1),
('120013', 'طالب علوم حاسوب 13', 'cs13@student.just.edu.jo', '123456', 'علوم الحاسوب', '2026-06-04 19:00:32', 3, 26, 1, 2),
('120014', 'طالب علوم حاسوب 14', 'cs14@student.just.edu.jo', '123456', 'علوم الحاسوب', '2026-06-04 19:00:32', 3, 26, 1, 3),
('120015', 'طالب علوم حاسوب 15', 'cs15@student.just.edu.jo', '123456', 'علوم الحاسوب', '2026-06-04 19:00:32', 3, 26, 1, 4),
('120016', 'طالب علوم حاسوب 16', 'cs16@student.just.edu.jo', '123456', 'علوم الحاسوب', '2026-06-04 19:00:32', 3, 26, 1, 1),
('120017', 'طالب علوم حاسوب 17', 'cs17@student.just.edu.jo', '123456', 'علوم الحاسوب', '2026-06-04 19:00:32', 3, 26, 1, 2),
('120018', 'طالب علوم حاسوب 18', 'cs18@student.just.edu.jo', '123456', 'علوم الحاسوب', '2026-06-04 19:00:32', 3, 26, 1, 3),
('120019', 'طالب علوم حاسوب 19', 'cs19@student.just.edu.jo', '123456', 'علوم الحاسوب', '2026-06-04 19:00:32', 3, 26, 1, 4),
('120020', 'طالب علوم حاسوب 20', 'cs20@student.just.edu.jo', '123456', 'علوم الحاسوب', '2026-06-04 19:00:32', 3, 26, 1, 1),
('120021', 'طالب علوم حاسوب 21', 'cs21@student.just.edu.jo', '123456', 'علوم الحاسوب', '2026-06-04 19:00:32', 3, 26, 1, 2),
('120022', 'طالب علوم حاسوب 22', 'cs22@student.just.edu.jo', '123456', 'علوم الحاسوب', '2026-06-04 19:00:32', 3, 26, 1, 3),
('120023', 'طالب علوم حاسوب 23', 'cs23@student.just.edu.jo', '123456', 'علوم الحاسوب', '2026-06-04 19:00:32', 3, 26, 1, 4),
('120024', 'طالب علوم حاسوب 24', 'cs24@student.just.edu.jo', '123456', 'علوم الحاسوب', '2026-06-04 19:00:32', 3, 26, 1, 1),
('120025', 'طالب علوم حاسوب 25', 'cs25@student.just.edu.jo', '123456', 'علوم الحاسوب', '2026-06-04 19:00:32', 3, 26, 1, 2),
('120026', 'طالب علوم حاسوب 26', 'cs26@student.just.edu.jo', '123456', 'علوم الحاسوب', '2026-06-04 19:00:32', 3, 26, 1, 3),
('120027', 'طالب علوم حاسوب 27', 'cs27@student.just.edu.jo', '123456', 'علوم الحاسوب', '2026-06-04 19:00:32', 3, 26, 1, 4),
('120028', 'طالب علوم حاسوب 28', 'cs28@student.just.edu.jo', '123456', 'علوم الحاسوب', '2026-06-04 19:00:32', 3, 26, 1, 1),
('120029', 'طالب علوم حاسوب 29', 'cs29@student.just.edu.jo', '123456', 'علوم الحاسوب', '2026-06-04 19:00:32', 3, 26, 1, 2),
('120030', 'طالب علوم حاسوب 30', 'cs30@student.just.edu.jo', '123456', 'علوم الحاسوب', '2026-06-04 19:00:32', 3, 26, 1, 3),
('120031', 'طالب علوم حاسوب 31', 'cs31@student.just.edu.jo', '123456', 'علوم الحاسوب', '2026-06-04 19:00:32', 3, 26, 1, 4),
('120032', 'طالب علوم حاسوب 32', 'cs32@student.just.edu.jo', '123456', 'علوم الحاسوب', '2026-06-04 19:00:32', 3, 26, 1, 1),
('120033', 'طالب علوم حاسوب 33', 'cs33@student.just.edu.jo', '123456', 'علوم الحاسوب', '2026-06-04 19:00:32', 3, 26, 1, 2),
('120034', 'طالب علوم حاسوب 34', 'cs34@student.just.edu.jo', '123456', 'علوم الحاسوب', '2026-06-04 19:00:32', 3, 26, 1, 3),
('120035', 'طالب علوم حاسوب 35', 'cs35@student.just.edu.jo', '123456', 'علوم الحاسوب', '2026-06-04 19:00:32', 3, 26, 1, 4),
('120036', 'طالب علوم حاسوب 36', 'cs36@student.just.edu.jo', '123456', 'علوم الحاسوب', '2026-06-04 19:00:32', 3, 26, 1, 1),
('120037', 'طالب علوم حاسوب 37', 'cs37@student.just.edu.jo', '123456', 'علوم الحاسوب', '2026-06-04 19:00:32', 3, 26, 1, 2),
('120038', 'طالب علوم حاسوب 38', 'cs38@student.just.edu.jo', '123456', 'علوم الحاسوب', '2026-06-04 19:00:32', 3, 26, 1, 3),
('120039', 'طالب علوم حاسوب 39', 'cs39@student.just.edu.jo', '123456', 'علوم الحاسوب', '2026-06-04 19:00:32', 3, 26, 1, 4),
('120040', 'طالب علوم حاسوب 40', 'cs40@student.just.edu.jo', '123456', 'علوم الحاسوب', '2026-06-04 19:00:32', 3, 26, 1, 1),
('120041', 'طالب علوم حاسوب 41', 'cs41@student.just.edu.jo', '123456', 'علوم الحاسوب', '2026-06-04 19:00:32', 3, 26, 1, 2),
('120042', 'طالب علوم حاسوب 42', 'cs42@student.just.edu.jo', '123456', 'علوم الحاسوب', '2026-06-04 19:00:32', 3, 26, 1, 3),
('120043', 'طالب علوم حاسوب 43', 'cs43@student.just.edu.jo', '123456', 'علوم الحاسوب', '2026-06-04 19:00:32', 3, 26, 1, 4),
('120044', 'طالب علوم حاسوب 44', 'cs44@student.just.edu.jo', '123456', 'علوم الحاسوب', '2026-06-04 19:00:32', 3, 26, 1, 1),
('120045', 'طالب علوم حاسوب 45', 'cs45@student.just.edu.jo', '123456', 'علوم الحاسوب', '2026-06-04 19:00:32', 3, 26, 1, 2),
('120046', 'طالب علوم حاسوب 46', 'cs46@student.just.edu.jo', '123456', 'علوم الحاسوب', '2026-06-04 19:00:32', 3, 26, 1, 3),
('120047', 'طالب علوم حاسوب 47', 'cs47@student.just.edu.jo', '123456', 'علوم الحاسوب', '2026-06-04 19:00:32', 3, 26, 1, 4),
('120048', 'طالب علوم حاسوب 48', 'cs48@student.just.edu.jo', '123456', 'علوم الحاسوب', '2026-06-04 19:00:32', 3, 26, 1, 1),
('120049', 'طالب علوم حاسوب 49', 'cs49@student.just.edu.jo', '123456', 'علوم الحاسوب', '2026-06-04 19:00:32', 3, 26, 1, 2),
('120050', 'طالب علوم حاسوب 50', 'cs50@student.just.edu.jo', '123456', 'علوم الحاسوب', '2026-06-04 19:00:32', 3, 26, 1, 3),
('120051', 'طالب علوم حاسوب 51', 'cs51@student.just.edu.jo', '123456', 'علوم الحاسوب', '2026-06-04 19:00:32', 3, 26, 1, 4),
('120052', 'طالب علوم حاسوب 52', 'cs52@student.just.edu.jo', '123456', 'علوم الحاسوب', '2026-06-04 19:00:32', 3, 26, 1, 1),
('120053', 'طالب علوم حاسوب 53', 'cs53@student.just.edu.jo', '123456', 'علوم الحاسوب', '2026-06-04 19:00:32', 3, 26, 1, 2),
('120054', 'طالب علوم حاسوب 54', 'cs54@student.just.edu.jo', '123456', 'علوم الحاسوب', '2026-06-04 19:00:32', 3, 26, 1, 3),
('120055', 'طالب علوم حاسوب 55', 'cs55@student.just.edu.jo', '123456', 'علوم الحاسوب', '2026-06-04 19:00:32', 3, 26, 1, 4),
('120056', 'طالب علوم حاسوب 56', 'cs56@student.just.edu.jo', '123456', 'علوم الحاسوب', '2026-06-04 19:00:32', 3, 26, 1, 1),
('120057', 'طالب علوم حاسوب 57', 'cs57@student.just.edu.jo', '123456', 'علوم الحاسوب', '2026-06-04 19:00:32', 3, 26, 1, 2),
('120058', 'طالب علوم حاسوب 58', 'cs58@student.just.edu.jo', '123456', 'علوم الحاسوب', '2026-06-04 19:00:32', 3, 26, 1, 3),
('120059', 'طالب علوم حاسوب 59', 'cs59@student.just.edu.jo', '123456', 'علوم الحاسوب', '2026-06-04 19:00:32', 3, 26, 1, 4),
('120060', 'طالب علوم حاسوب 60', 'cs60@student.just.edu.jo', '123456', 'علوم الحاسوب', '2026-06-04 19:00:32', 3, 26, 1, 1),
('120061', 'طالب علوم حاسوب 61', 'cs61@student.just.edu.jo', '123456', 'علوم الحاسوب', '2026-06-04 19:00:32', 3, 26, 1, 2),
('120062', 'طالب علوم حاسوب 62', 'cs62@student.just.edu.jo', '123456', 'علوم الحاسوب', '2026-06-04 19:00:32', 3, 26, 1, 3),
('120063', 'طالب علوم حاسوب 63', 'cs63@student.just.edu.jo', '123456', 'علوم الحاسوب', '2026-06-04 19:00:32', 3, 26, 1, 4),
('120064', 'طالب علوم حاسوب 64', 'cs64@student.just.edu.jo', '123456', 'علوم الحاسوب', '2026-06-04 19:00:32', 3, 26, 1, 1),
('120065', 'طالب علوم حاسوب 65', 'cs65@student.just.edu.jo', '123456', 'علوم الحاسوب', '2026-06-04 19:00:32', 3, 26, 1, 2),
('120066', 'طالب علوم حاسوب 66', 'cs66@student.just.edu.jo', '123456', 'علوم الحاسوب', '2026-06-04 19:00:32', 3, 26, 1, 3),
('120067', 'طالب علوم حاسوب 67', 'cs67@student.just.edu.jo', '123456', 'علوم الحاسوب', '2026-06-04 19:00:32', 3, 26, 1, 4),
('120068', 'طالب علوم حاسوب 68', 'cs68@student.just.edu.jo', '123456', 'علوم الحاسوب', '2026-06-04 19:00:32', 3, 26, 1, 1),
('120069', 'طالب علوم حاسوب 69', 'cs69@student.just.edu.jo', '123456', 'علوم الحاسوب', '2026-06-04 19:00:32', 3, 26, 1, 2),
('120070', 'طالب علوم حاسوب 70', 'cs70@student.just.edu.jo', '123456', 'علوم الحاسوب', '2026-06-04 19:00:32', 3, 26, 1, 3),
('120071', 'طالب علوم حاسوب 71', 'cs71@student.just.edu.jo', '123456', 'علوم الحاسوب', '2026-06-04 19:00:32', 3, 26, 1, 4),
('120072', 'طالب علوم حاسوب 72', 'cs72@student.just.edu.jo', '123456', 'علوم الحاسوب', '2026-06-04 19:00:32', 3, 26, 1, 1),
('120073', 'طالب علوم حاسوب 73', 'cs73@student.just.edu.jo', '123456', 'علوم الحاسوب', '2026-06-04 19:00:32', 3, 26, 1, 2),
('120074', 'طالب علوم حاسوب 74', 'cs74@student.just.edu.jo', '123456', 'علوم الحاسوب', '2026-06-04 19:00:32', 3, 26, 1, 3),
('120075', 'طالب علوم حاسوب 75', 'cs75@student.just.edu.jo', '123456', 'علوم الحاسوب', '2026-06-04 19:00:32', 3, 26, 1, 4),
('120076', 'طالب علوم حاسوب 76', 'cs76@student.just.edu.jo', '123456', 'علوم الحاسوب', '2026-06-04 19:00:32', 3, 26, 1, 1),
('120077', 'طالب علوم حاسوب 77', 'cs77@student.just.edu.jo', '123456', 'علوم الحاسوب', '2026-06-04 19:00:32', 3, 26, 1, 2),
('120078', 'طالب علوم حاسوب 78', 'cs78@student.just.edu.jo', '123456', 'علوم الحاسوب', '2026-06-04 19:00:32', 3, 26, 1, 3),
('120079', 'طالب علوم حاسوب 79', 'cs79@student.just.edu.jo', '123456', 'علوم الحاسوب', '2026-06-04 19:00:32', 3, 26, 1, 4),
('120080', 'طالب علوم حاسوب 80', 'cs80@student.just.edu.jo', '123456', 'علوم الحاسوب', '2026-06-04 19:00:32', 3, 26, 1, 1),
('120081', 'طالب علوم حاسوب 81', 'cs81@student.just.edu.jo', '123456', 'علوم الحاسوب', '2026-06-04 19:00:32', 3, 26, 1, 2),
('120082', 'طالب علوم حاسوب 82', 'cs82@student.just.edu.jo', '123456', 'علوم الحاسوب', '2026-06-04 19:00:32', 3, 26, 1, 3),
('120083', 'طالب علوم حاسوب 83', 'cs83@student.just.edu.jo', '123456', 'علوم الحاسوب', '2026-06-04 19:00:32', 3, 26, 1, 4),
('120084', 'طالب علوم حاسوب 84', 'cs84@student.just.edu.jo', '123456', 'علوم الحاسوب', '2026-06-04 19:00:32', 3, 26, 1, 1),
('120085', 'طالب علوم حاسوب 85', 'cs85@student.just.edu.jo', '123456', 'علوم الحاسوب', '2026-06-04 19:00:32', 3, 26, 1, 2),
('120086', 'طالب علوم حاسوب 86', 'cs86@student.just.edu.jo', '123456', 'علوم الحاسوب', '2026-06-04 19:00:32', 3, 26, 1, 3),
('120087', 'طالب علوم حاسوب 87', 'cs87@student.just.edu.jo', '123456', 'علوم الحاسوب', '2026-06-04 19:00:32', 3, 26, 1, 4),
('120088', 'طالب علوم حاسوب 88', 'cs88@student.just.edu.jo', '123456', 'علوم الحاسوب', '2026-06-04 19:00:32', 3, 26, 1, 1),
('120089', 'طالب علوم حاسوب 89', 'cs89@student.just.edu.jo', '123456', 'علوم الحاسوب', '2026-06-04 19:00:32', 3, 26, 1, 2),
('120090', 'طالب علوم حاسوب 90', 'cs90@student.just.edu.jo', '123456', 'علوم الحاسوب', '2026-06-04 19:00:32', 3, 26, 1, 3),
('120091', 'طالب علوم حاسوب 91', 'cs91@student.just.edu.jo', '123456', 'علوم الحاسوب', '2026-06-04 19:00:32', 3, 26, 1, 4),
('120092', 'طالب علوم حاسوب 92', 'cs92@student.just.edu.jo', '123456', 'علوم الحاسوب', '2026-06-04 19:00:32', 3, 26, 1, 1);
INSERT INTO `student` (`student_id`, `name`, `email`, `password`, `specialization`, `created_at`, `plan_id`, `dept_id`, `uni_id`, `year_level`) VALUES
('120093', 'طالب علوم حاسوب 93', 'cs93@student.just.edu.jo', '123456', 'علوم الحاسوب', '2026-06-04 19:00:32', 3, 26, 1, 2),
('120094', 'طالب علوم حاسوب 94', 'cs94@student.just.edu.jo', '123456', 'علوم الحاسوب', '2026-06-04 19:00:32', 3, 26, 1, 3),
('120095', 'طالب علوم حاسوب 95', 'cs95@student.just.edu.jo', '123456', 'علوم الحاسوب', '2026-06-04 19:00:32', 3, 26, 1, 4),
('120096', 'طالب علوم حاسوب 96', 'cs96@student.just.edu.jo', '123456', 'علوم الحاسوب', '2026-06-04 19:00:32', 3, 26, 1, 1),
('120097', 'طالب علوم حاسوب 97', 'cs97@student.just.edu.jo', '123456', 'علوم الحاسوب', '2026-06-04 19:00:32', 3, 26, 1, 2),
('120098', 'طالب علوم حاسوب 98', 'cs98@student.just.edu.jo', '123456', 'علوم الحاسوب', '2026-06-04 19:00:32', 3, 26, 1, 3),
('120099', 'طالب علوم حاسوب 99', 'cs99@student.just.edu.jo', '123456', 'علوم الحاسوب', '2026-06-04 19:00:32', 3, 26, 1, 4),
('120100', 'طالب علوم حاسوب 100', 'cs100@student.just.edu.jo', '123456', 'علوم الحاسوب', '2026-06-04 19:00:32', 3, 26, 1, 1),
('120101', 'طالب علوم حاسوب 101', 'cs101@student.just.edu.jo', '123456', 'علوم الحاسوب', '2026-06-04 19:00:32', 3, 26, 1, 2),
('120102', 'طالب علوم حاسوب 102', 'cs102@student.just.edu.jo', '123456', 'علوم الحاسوب', '2026-06-04 19:00:32', 3, 26, 1, 3),
('120103', 'طالب علوم حاسوب 103', 'cs103@student.just.edu.jo', '123456', 'علوم الحاسوب', '2026-06-04 19:00:32', 3, 26, 1, 4),
('120104', 'طالب علوم حاسوب 104', 'cs104@student.just.edu.jo', '123456', 'علوم الحاسوب', '2026-06-04 19:00:32', 3, 26, 1, 1),
('120105', 'طالب علوم حاسوب 105', 'cs105@student.just.edu.jo', '123456', 'علوم الحاسوب', '2026-06-04 19:00:32', 3, 26, 1, 2),
('120106', 'طالب علوم حاسوب 106', 'cs106@student.just.edu.jo', '123456', 'علوم الحاسوب', '2026-06-04 19:00:32', 3, 26, 1, 3),
('120107', 'طالب علوم حاسوب 107', 'cs107@student.just.edu.jo', '123456', 'علوم الحاسوب', '2026-06-04 19:00:32', 3, 26, 1, 4),
('120108', 'طالب علوم حاسوب 108', 'cs108@student.just.edu.jo', '123456', 'علوم الحاسوب', '2026-06-04 19:00:32', 3, 26, 1, 1),
('120109', 'طالب علوم حاسوب 109', 'cs109@student.just.edu.jo', '123456', 'علوم الحاسوب', '2026-06-04 19:00:32', 3, 26, 1, 2),
('120110', 'طالب علوم حاسوب 110', 'cs110@student.just.edu.jo', '123456', 'علوم الحاسوب', '2026-06-04 19:00:32', 3, 26, 1, 3),
('120111', 'طالب علوم حاسوب 111', 'cs111@student.just.edu.jo', '123456', 'علوم الحاسوب', '2026-06-04 19:00:32', 3, 26, 1, 4),
('120112', 'طالب علوم حاسوب 112', 'cs112@student.just.edu.jo', '123456', 'علوم الحاسوب', '2026-06-04 19:00:32', 3, 26, 1, 1),
('120113', 'طالب علوم حاسوب 113', 'cs113@student.just.edu.jo', '123456', 'علوم الحاسوب', '2026-06-04 19:00:32', 3, 26, 1, 2),
('120114', 'طالب علوم حاسوب 114', 'cs114@student.just.edu.jo', '123456', 'علوم الحاسوب', '2026-06-04 19:00:32', 3, 26, 1, 3),
('120115', 'طالب علوم حاسوب 115', 'cs115@student.just.edu.jo', '123456', 'علوم الحاسوب', '2026-06-04 19:00:32', 3, 26, 1, 4),
('120116', 'طالب علوم حاسوب 116', 'cs116@student.just.edu.jo', '123456', 'علوم الحاسوب', '2026-06-04 19:00:32', 3, 26, 1, 1),
('120117', 'طالب علوم حاسوب 117', 'cs117@student.just.edu.jo', '123456', 'علوم الحاسوب', '2026-06-04 19:00:32', 3, 26, 1, 2),
('120118', 'طالب علوم حاسوب 118', 'cs118@student.just.edu.jo', '123456', 'علوم الحاسوب', '2026-06-04 19:00:32', 3, 26, 1, 3),
('120119', 'طالب علوم حاسوب 119', 'cs119@student.just.edu.jo', '123456', 'علوم الحاسوب', '2026-06-04 19:00:32', 3, 26, 1, 4),
('120120', 'طالب علوم حاسوب 120', 'cs120@student.just.edu.jo', '123456', 'علوم الحاسوب', '2026-06-04 19:00:32', 3, 26, 1, 1),
('120121', 'طالب علوم حاسوب 121', 'cs121@student.just.edu.jo', '123456', 'علوم الحاسوب', '2026-06-04 19:00:32', 3, 26, 1, 2),
('120122', 'طالب علوم حاسوب 122', 'cs122@student.just.edu.jo', '123456', 'علوم الحاسوب', '2026-06-04 19:00:32', 3, 26, 1, 3),
('120123', 'طالب علوم حاسوب 123', 'cs123@student.just.edu.jo', '123456', 'علوم الحاسوب', '2026-06-04 19:00:32', 3, 26, 1, 4),
('120124', 'طالب علوم حاسوب 124', 'cs124@student.just.edu.jo', '123456', 'علوم الحاسوب', '2026-06-04 19:00:32', 3, 26, 1, 1),
('120125', 'طالب علوم حاسوب 125', 'cs125@student.just.edu.jo', '123456', 'علوم الحاسوب', '2026-06-04 19:00:32', 3, 26, 1, 2),
('120126', 'طالب علوم حاسوب 126', 'cs126@student.just.edu.jo', '123456', 'علوم الحاسوب', '2026-06-04 19:00:32', 3, 26, 1, 3),
('120127', 'طالب علوم حاسوب 127', 'cs127@student.just.edu.jo', '123456', 'علوم الحاسوب', '2026-06-04 19:00:32', 3, 26, 1, 4),
('120128', 'طالب علوم حاسوب 128', 'cs128@student.just.edu.jo', '123456', 'علوم الحاسوب', '2026-06-04 19:00:32', 3, 26, 1, 1),
('120129', 'طالب علوم حاسوب 129', 'cs129@student.just.edu.jo', '123456', 'علوم الحاسوب', '2026-06-04 19:00:32', 3, 26, 1, 2),
('120130', 'طالب علوم حاسوب 130', 'cs130@student.just.edu.jo', '123456', 'علوم الحاسوب', '2026-06-04 19:00:32', 3, 26, 1, 3),
('120131', 'طالب علوم حاسوب 131', 'cs131@student.just.edu.jo', '123456', 'علوم الحاسوب', '2026-06-04 19:00:32', 3, 26, 1, 4),
('120132', 'طالب علوم حاسوب 132', 'cs132@student.just.edu.jo', '123456', 'علوم الحاسوب', '2026-06-04 19:00:32', 3, 26, 1, 1),
('120133', 'طالب علوم حاسوب 133', 'cs133@student.just.edu.jo', '123456', 'علوم الحاسوب', '2026-06-04 19:00:32', 3, 26, 1, 2),
('120134', 'طالب علوم حاسوب 134', 'cs134@student.just.edu.jo', '123456', 'علوم الحاسوب', '2026-06-04 19:00:32', 3, 26, 1, 3),
('120135', 'طالب علوم حاسوب 135', 'cs135@student.just.edu.jo', '123456', 'علوم الحاسوب', '2026-06-04 19:00:32', 3, 26, 1, 4),
('120136', 'طالب علوم حاسوب 136', 'cs136@student.just.edu.jo', '123456', 'علوم الحاسوب', '2026-06-04 19:00:32', 3, 26, 1, 1),
('120137', 'طالب علوم حاسوب 137', 'cs137@student.just.edu.jo', '123456', 'علوم الحاسوب', '2026-06-04 19:00:32', 3, 26, 1, 2),
('120138', 'طالب علوم حاسوب 138', 'cs138@student.just.edu.jo', '123456', 'علوم الحاسوب', '2026-06-04 19:00:32', 3, 26, 1, 3),
('120139', 'طالب علوم حاسوب 139', 'cs139@student.just.edu.jo', '123456', 'علوم الحاسوب', '2026-06-04 19:00:32', 3, 26, 1, 4),
('120140', 'طالب علوم حاسوب 140', 'cs140@student.just.edu.jo', '123456', 'علوم الحاسوب', '2026-06-04 19:00:32', 3, 26, 1, 1),
('120141', 'طالب علوم حاسوب 141', 'cs141@student.just.edu.jo', '123456', 'علوم الحاسوب', '2026-06-04 19:00:32', 3, 26, 1, 2),
('120142', 'طالب علوم حاسوب 142', 'cs142@student.just.edu.jo', '123456', 'علوم الحاسوب', '2026-06-04 19:00:32', 3, 26, 1, 3),
('120143', 'طالب علوم حاسوب 143', 'cs143@student.just.edu.jo', '123456', 'علوم الحاسوب', '2026-06-04 19:00:32', 3, 26, 1, 4),
('120144', 'طالب علوم حاسوب 144', 'cs144@student.just.edu.jo', '123456', 'علوم الحاسوب', '2026-06-04 19:00:32', 3, 26, 1, 1),
('120145', 'طالب علوم حاسوب 145', 'cs145@student.just.edu.jo', '123456', 'علوم الحاسوب', '2026-06-04 19:00:32', 3, 26, 1, 2),
('120146', 'طالب علوم حاسوب 146', 'cs146@student.just.edu.jo', '123456', 'علوم الحاسوب', '2026-06-04 19:00:32', 3, 26, 1, 3),
('120147', 'طالب علوم حاسوب 147', 'cs147@student.just.edu.jo', '123456', 'علوم الحاسوب', '2026-06-04 19:00:32', 3, 26, 1, 4),
('120148', 'طالب علوم حاسوب 148', 'cs148@student.just.edu.jo', '123456', 'علوم الحاسوب', '2026-06-04 19:00:32', 3, 26, 1, 1),
('120149', 'طالب علوم حاسوب 149', 'cs149@student.just.edu.jo', '123456', 'علوم الحاسوب', '2026-06-04 19:00:32', 3, 26, 1, 2),
('120150', 'طالب علوم حاسوب 150', 'cs150@student.just.edu.jo', '123456', 'علوم الحاسوب', '2026-06-04 19:00:32', 3, 26, 1, 3),
('120151', 'طالب علوم حاسوب 151', 'cs151@student.just.edu.jo', '123456', 'علوم الحاسوب', '2026-06-04 19:00:32', 3, 26, 1, 4),
('120152', 'طالب علوم حاسوب 152', 'cs152@student.just.edu.jo', '123456', 'علوم الحاسوب', '2026-06-04 19:00:32', 3, 26, 1, 1),
('120153', 'طالب علوم حاسوب 153', 'cs153@student.just.edu.jo', '123456', 'علوم الحاسوب', '2026-06-04 19:00:32', 3, 26, 1, 2),
('120154', 'طالب علوم حاسوب 154', 'cs154@student.just.edu.jo', '123456', 'علوم الحاسوب', '2026-06-04 19:00:32', 3, 26, 1, 3),
('120155', 'طالب علوم حاسوب 155', 'cs155@student.just.edu.jo', '123456', 'علوم الحاسوب', '2026-06-04 19:00:32', 3, 26, 1, 4),
('120156', 'طالب علوم حاسوب 156', 'cs156@student.just.edu.jo', '123456', 'علوم الحاسوب', '2026-06-04 19:00:32', 3, 26, 1, 1),
('120157', 'طالب علوم حاسوب 157', 'cs157@student.just.edu.jo', '123456', 'علوم الحاسوب', '2026-06-04 19:00:32', 3, 26, 1, 2),
('120158', 'طالب علوم حاسوب 158', 'cs158@student.just.edu.jo', '123456', 'علوم الحاسوب', '2026-06-04 19:00:32', 3, 26, 1, 3),
('120159', 'طالب علوم حاسوب 159', 'cs159@student.just.edu.jo', '123456', 'علوم الحاسوب', '2026-06-04 19:00:32', 3, 26, 1, 4),
('120160', 'طالب علوم حاسوب 160', 'cs160@student.just.edu.jo', '123456', 'علوم الحاسوب', '2026-06-04 19:00:32', 3, 26, 1, 1),
('120161', 'طالب علوم حاسوب 161', 'cs161@student.just.edu.jo', '123456', 'علوم الحاسوب', '2026-06-04 19:00:32', 3, 26, 1, 2),
('120162', 'طالب علوم حاسوب 162', 'cs162@student.just.edu.jo', '123456', 'علوم الحاسوب', '2026-06-04 19:00:32', 3, 26, 1, 3),
('120163', 'طالب علوم حاسوب 163', 'cs163@student.just.edu.jo', '123456', 'علوم الحاسوب', '2026-06-04 19:00:32', 3, 26, 1, 4),
('120164', 'طالب علوم حاسوب 164', 'cs164@student.just.edu.jo', '123456', 'علوم الحاسوب', '2026-06-04 19:00:32', 3, 26, 1, 1),
('120165', 'طالب علوم حاسوب 165', 'cs165@student.just.edu.jo', '123456', 'علوم الحاسوب', '2026-06-04 19:00:32', 3, 26, 1, 2),
('120166', 'طالب علوم حاسوب 166', 'cs166@student.just.edu.jo', '123456', 'علوم الحاسوب', '2026-06-04 19:00:32', 3, 26, 1, 3),
('120167', 'طالب علوم حاسوب 167', 'cs167@student.just.edu.jo', '123456', 'علوم الحاسوب', '2026-06-04 19:00:32', 3, 26, 1, 4),
('120168', 'طالب علوم حاسوب 168', 'cs168@student.just.edu.jo', '123456', 'علوم الحاسوب', '2026-06-04 19:00:32', 3, 26, 1, 1),
('120169', 'طالب علوم حاسوب 169', 'cs169@student.just.edu.jo', '123456', 'علوم الحاسوب', '2026-06-04 19:00:32', 3, 26, 1, 2),
('120170', 'طالب علوم حاسوب 170', 'cs170@student.just.edu.jo', '123456', 'علوم الحاسوب', '2026-06-04 19:00:32', 3, 26, 1, 3),
('120171', 'طالب علوم حاسوب 171', 'cs171@student.just.edu.jo', '123456', 'علوم الحاسوب', '2026-06-04 19:00:32', 3, 26, 1, 4),
('120172', 'طالب علوم حاسوب 172', 'cs172@student.just.edu.jo', '123456', 'علوم الحاسوب', '2026-06-04 19:00:32', 3, 26, 1, 1),
('120173', 'طالب علوم حاسوب 173', 'cs173@student.just.edu.jo', '123456', 'علوم الحاسوب', '2026-06-04 19:00:32', 3, 26, 1, 2),
('120174', 'طالب علوم حاسوب 174', 'cs174@student.just.edu.jo', '123456', 'علوم الحاسوب', '2026-06-04 19:00:32', 3, 26, 1, 3),
('120175', 'طالب علوم حاسوب 175', 'cs175@student.just.edu.jo', '123456', 'علوم الحاسوب', '2026-06-04 19:00:32', 3, 26, 1, 4),
('120176', 'طالب علوم حاسوب 176', 'cs176@student.just.edu.jo', '123456', 'علوم الحاسوب', '2026-06-04 19:00:32', 3, 26, 1, 1),
('120177', 'طالب علوم حاسوب 177', 'cs177@student.just.edu.jo', '123456', 'علوم الحاسوب', '2026-06-04 19:00:32', 3, 26, 1, 2),
('120178', 'طالب علوم حاسوب 178', 'cs178@student.just.edu.jo', '123456', 'علوم الحاسوب', '2026-06-04 19:00:32', 3, 26, 1, 3),
('120179', 'طالب علوم حاسوب 179', 'cs179@student.just.edu.jo', '123456', 'علوم الحاسوب', '2026-06-04 19:00:32', 3, 26, 1, 4),
('120180', 'طالب علوم حاسوب 180', 'cs180@student.just.edu.jo', '123456', 'علوم الحاسوب', '2026-06-04 19:00:32', 3, 26, 1, 1),
('120181', 'طالب علوم حاسوب 181', 'cs181@student.just.edu.jo', '123456', 'علوم الحاسوب', '2026-06-04 19:00:32', 3, 26, 1, 2),
('120182', 'طالب علوم حاسوب 182', 'cs182@student.just.edu.jo', '123456', 'علوم الحاسوب', '2026-06-04 19:00:32', 3, 26, 1, 3),
('120183', 'طالب علوم حاسوب 183', 'cs183@student.just.edu.jo', '123456', 'علوم الحاسوب', '2026-06-04 19:00:32', 3, 26, 1, 4),
('120184', 'طالب علوم حاسوب 184', 'cs184@student.just.edu.jo', '123456', 'علوم الحاسوب', '2026-06-04 19:00:32', 3, 26, 1, 1),
('120185', 'طالب علوم حاسوب 185', 'cs185@student.just.edu.jo', '123456', 'علوم الحاسوب', '2026-06-04 19:00:32', 3, 26, 1, 2),
('120186', 'طالب علوم حاسوب 186', 'cs186@student.just.edu.jo', '123456', 'علوم الحاسوب', '2026-06-04 19:00:32', 3, 26, 1, 3),
('120187', 'طالب علوم حاسوب 187', 'cs187@student.just.edu.jo', '123456', 'علوم الحاسوب', '2026-06-04 19:00:32', 3, 26, 1, 4),
('120188', 'طالب علوم حاسوب 188', 'cs188@student.just.edu.jo', '123456', 'علوم الحاسوب', '2026-06-04 19:00:32', 3, 26, 1, 1),
('120189', 'طالب علوم حاسوب 189', 'cs189@student.just.edu.jo', '123456', 'علوم الحاسوب', '2026-06-04 19:00:32', 3, 26, 1, 2),
('120190', 'طالب علوم حاسوب 190', 'cs190@student.just.edu.jo', '123456', 'علوم الحاسوب', '2026-06-04 19:00:32', 3, 26, 1, 3),
('120191', 'طالب علوم حاسوب 191', 'cs191@student.just.edu.jo', '123456', 'علوم الحاسوب', '2026-06-04 19:00:32', 3, 26, 1, 4),
('120192', 'طالب علوم حاسوب 192', 'cs192@student.just.edu.jo', '123456', 'علوم الحاسوب', '2026-06-04 19:00:32', 3, 26, 1, 1),
('120193', 'طالب علوم حاسوب 193', 'cs193@student.just.edu.jo', '123456', 'علوم الحاسوب', '2026-06-04 19:00:32', 3, 26, 1, 2),
('120194', 'طالب علوم حاسوب 194', 'cs194@student.just.edu.jo', '123456', 'علوم الحاسوب', '2026-06-04 19:00:32', 3, 26, 1, 3),
('120195', 'طالب علوم حاسوب 195', 'cs195@student.just.edu.jo', '123456', 'علوم الحاسوب', '2026-06-04 19:00:32', 3, 26, 1, 4),
('120196', 'طالب علوم حاسوب 196', 'cs196@student.just.edu.jo', '123456', 'علوم الحاسوب', '2026-06-04 19:00:32', 3, 26, 1, 1),
('120197', 'طالب علوم حاسوب 197', 'cs197@student.just.edu.jo', '123456', 'علوم الحاسوب', '2026-06-04 19:00:32', 3, 26, 1, 2),
('120198', 'طالب علوم حاسوب 198', 'cs198@student.just.edu.jo', '123456', 'علوم الحاسوب', '2026-06-04 19:00:32', 3, 26, 1, 3),
('120199', 'طالب علوم حاسوب 199', 'cs199@student.just.edu.jo', '123456', 'علوم الحاسوب', '2026-06-04 19:00:32', 3, 26, 1, 4),
('120200', 'طالب علوم حاسوب 200', 'cs200@student.just.edu.jo', '123456', 'علوم الحاسوب', '2026-06-04 19:00:32', 3, 26, 1, 1),
('120201', 'طالب علوم حاسوب 201', 'cs201@student.just.edu.jo', '123456', 'علوم الحاسوب', '2026-06-04 19:00:32', 3, 26, 1, 2),
('120202', 'طالب علوم حاسوب 202', 'cs202@student.just.edu.jo', '123456', 'علوم الحاسوب', '2026-06-04 19:00:32', 3, 26, 1, 3),
('120203', 'طالب علوم حاسوب 203', 'cs203@student.just.edu.jo', '123456', 'علوم الحاسوب', '2026-06-04 19:00:32', 3, 26, 1, 4),
('120204', 'طالب علوم حاسوب 204', 'cs204@student.just.edu.jo', '123456', 'علوم الحاسوب', '2026-06-04 19:00:32', 3, 26, 1, 1),
('120205', 'طالب علوم حاسوب 205', 'cs205@student.just.edu.jo', '123456', 'علوم الحاسوب', '2026-06-04 19:00:32', 3, 26, 1, 2),
('120206', 'طالب علوم حاسوب 206', 'cs206@student.just.edu.jo', '123456', 'علوم الحاسوب', '2026-06-04 19:00:32', 3, 26, 1, 3),
('120207', 'طالب علوم حاسوب 207', 'cs207@student.just.edu.jo', '123456', 'علوم الحاسوب', '2026-06-04 19:00:32', 3, 26, 1, 4),
('120208', 'طالب علوم حاسوب 208', 'cs208@student.just.edu.jo', '123456', 'علوم الحاسوب', '2026-06-04 19:00:32', 3, 26, 1, 1),
('120209', 'طالب علوم حاسوب 209', 'cs209@student.just.edu.jo', '123456', 'علوم الحاسوب', '2026-06-04 19:00:32', 3, 26, 1, 2),
('120210', 'طالب علوم حاسوب 210', 'cs210@student.just.edu.jo', '123456', 'علوم الحاسوب', '2026-06-04 19:00:32', 3, 26, 1, 3),
('120211', 'طالب علوم حاسوب 211', 'cs211@student.just.edu.jo', '123456', 'علوم الحاسوب', '2026-06-04 19:00:32', 3, 26, 1, 4),
('120212', 'طالب علوم حاسوب 212', 'cs212@student.just.edu.jo', '123456', 'علوم الحاسوب', '2026-06-04 19:00:32', 3, 26, 1, 1),
('120213', 'طالب علوم حاسوب 213', 'cs213@student.just.edu.jo', '123456', 'علوم الحاسوب', '2026-06-04 19:00:32', 3, 26, 1, 2),
('120214', 'طالب علوم حاسوب 214', 'cs214@student.just.edu.jo', '123456', 'علوم الحاسوب', '2026-06-04 19:00:32', 3, 26, 1, 3),
('120215', 'طالب علوم حاسوب 215', 'cs215@student.just.edu.jo', '123456', 'علوم الحاسوب', '2026-06-04 19:00:32', 3, 26, 1, 4),
('120216', 'طالب علوم حاسوب 216', 'cs216@student.just.edu.jo', '123456', 'علوم الحاسوب', '2026-06-04 19:00:32', 3, 26, 1, 1),
('120217', 'طالب علوم حاسوب 217', 'cs217@student.just.edu.jo', '123456', 'علوم الحاسوب', '2026-06-04 19:00:32', 3, 26, 1, 2),
('120218', 'طالب علوم حاسوب 218', 'cs218@student.just.edu.jo', '123456', 'علوم الحاسوب', '2026-06-04 19:00:32', 3, 26, 1, 3),
('120219', 'طالب علوم حاسوب 219', 'cs219@student.just.edu.jo', '123456', 'علوم الحاسوب', '2026-06-04 19:00:32', 3, 26, 1, 4),
('120220', 'طالب علوم حاسوب 220', 'cs220@student.just.edu.jo', '123456', 'علوم الحاسوب', '2026-06-04 19:00:32', 3, 26, 1, 1),
('120221', 'طالب علوم حاسوب 221', 'cs221@student.just.edu.jo', '123456', 'علوم الحاسوب', '2026-06-04 19:00:32', 3, 26, 1, 2),
('120222', 'طالب علوم حاسوب 222', 'cs222@student.just.edu.jo', '123456', 'علوم الحاسوب', '2026-06-04 19:00:32', 3, 26, 1, 3),
('120223', 'طالب علوم حاسوب 223', 'cs223@student.just.edu.jo', '123456', 'علوم الحاسوب', '2026-06-04 19:00:32', 3, 26, 1, 4),
('120224', 'طالب علوم حاسوب 224', 'cs224@student.just.edu.jo', '123456', 'علوم الحاسوب', '2026-06-04 19:00:32', 3, 26, 1, 1),
('120225', 'طالب علوم حاسوب 225', 'cs225@student.just.edu.jo', '123456', 'علوم الحاسوب', '2026-06-04 19:00:32', 3, 26, 1, 2),
('120226', 'طالب علوم حاسوب 226', 'cs226@student.just.edu.jo', '123456', 'علوم الحاسوب', '2026-06-04 19:00:32', 3, 26, 1, 3),
('120227', 'طالب علوم حاسوب 227', 'cs227@student.just.edu.jo', '123456', 'علوم الحاسوب', '2026-06-04 19:00:32', 3, 26, 1, 4),
('120228', 'طالب علوم حاسوب 228', 'cs228@student.just.edu.jo', '123456', 'علوم الحاسوب', '2026-06-04 19:00:32', 3, 26, 1, 1),
('120229', 'طالب علوم حاسوب 229', 'cs229@student.just.edu.jo', '123456', 'علوم الحاسوب', '2026-06-04 19:00:32', 3, 26, 1, 2),
('120230', 'طالب علوم حاسوب 230', 'cs230@student.just.edu.jo', '123456', 'علوم الحاسوب', '2026-06-04 19:00:32', 3, 26, 1, 3),
('120231', 'طالب علوم حاسوب 231', 'cs231@student.just.edu.jo', '123456', 'علوم الحاسوب', '2026-06-04 19:00:32', 3, 26, 1, 4),
('120232', 'طالب علوم حاسوب 232', 'cs232@student.just.edu.jo', '123456', 'علوم الحاسوب', '2026-06-04 19:00:32', 3, 26, 1, 1),
('120233', 'طالب علوم حاسوب 233', 'cs233@student.just.edu.jo', '123456', 'علوم الحاسوب', '2026-06-04 19:00:32', 3, 26, 1, 2),
('120234', 'طالب علوم حاسوب 234', 'cs234@student.just.edu.jo', '123456', 'علوم الحاسوب', '2026-06-04 19:00:32', 3, 26, 1, 3),
('120235', 'طالب علوم حاسوب 235', 'cs235@student.just.edu.jo', '123456', 'علوم الحاسوب', '2026-06-04 19:00:32', 3, 26, 1, 4),
('120236', 'طالب علوم حاسوب 236', 'cs236@student.just.edu.jo', '123456', 'علوم الحاسوب', '2026-06-04 19:00:32', 3, 26, 1, 1),
('120237', 'طالب علوم حاسوب 237', 'cs237@student.just.edu.jo', '123456', 'علوم الحاسوب', '2026-06-04 19:00:32', 3, 26, 1, 2),
('120238', 'طالب علوم حاسوب 238', 'cs238@student.just.edu.jo', '123456', 'علوم الحاسوب', '2026-06-04 19:00:32', 3, 26, 1, 3),
('120239', 'طالب علوم حاسوب 239', 'cs239@student.just.edu.jo', '123456', 'علوم الحاسوب', '2026-06-04 19:00:32', 3, 26, 1, 4),
('120240', 'طالب علوم حاسوب 240', 'cs240@student.just.edu.jo', '123456', 'علوم الحاسوب', '2026-06-04 19:00:32', 3, 26, 1, 1),
('120241', 'طالب علوم حاسوب 241', 'cs241@student.just.edu.jo', '123456', 'علوم الحاسوب', '2026-06-04 19:00:32', 3, 26, 1, 2),
('120242', 'طالب علوم حاسوب 242', 'cs242@student.just.edu.jo', '123456', 'علوم الحاسوب', '2026-06-04 19:00:32', 3, 26, 1, 3),
('120243', 'طالب علوم حاسوب 243', 'cs243@student.just.edu.jo', '123456', 'علوم الحاسوب', '2026-06-04 19:00:32', 3, 26, 1, 4),
('120244', 'طالب علوم حاسوب 244', 'cs244@student.just.edu.jo', '123456', 'علوم الحاسوب', '2026-06-04 19:00:32', 3, 26, 1, 1),
('120245', 'طالب علوم حاسوب 245', 'cs245@student.just.edu.jo', '123456', 'علوم الحاسوب', '2026-06-04 19:00:32', 3, 26, 1, 2),
('120246', 'طالب علوم حاسوب 246', 'cs246@student.just.edu.jo', '123456', 'علوم الحاسوب', '2026-06-04 19:00:32', 3, 26, 1, 3),
('120247', 'طالب علوم حاسوب 247', 'cs247@student.just.edu.jo', '123456', 'علوم الحاسوب', '2026-06-04 19:00:32', 3, 26, 1, 4),
('120248', 'طالب علوم حاسوب 248', 'cs248@student.just.edu.jo', '123456', 'علوم الحاسوب', '2026-06-04 19:00:32', 3, 26, 1, 1),
('120249', 'طالب علوم حاسوب 249', 'cs249@student.just.edu.jo', '123456', 'علوم الحاسوب', '2026-06-04 19:00:32', 3, 26, 1, 2),
('120250', 'طالب علوم حاسوب 250', 'cs250@student.just.edu.jo', '123456', 'علوم الحاسوب', '2026-06-04 19:00:32', 3, 26, 1, 3),
('120251', 'طالب علوم حاسوب 251', 'cs251@student.just.edu.jo', '123456', 'علوم الحاسوب', '2026-06-04 19:00:32', 3, 26, 1, 4),
('120252', 'طالب علوم حاسوب 252', 'cs252@student.just.edu.jo', '123456', 'علوم الحاسوب', '2026-06-04 19:00:32', 3, 26, 1, 1),
('120253', 'طالب علوم حاسوب 253', 'cs253@student.just.edu.jo', '123456', 'علوم الحاسوب', '2026-06-04 19:00:32', 3, 26, 1, 2),
('120254', 'طالب علوم حاسوب 254', 'cs254@student.just.edu.jo', '123456', 'علوم الحاسوب', '2026-06-04 19:00:32', 3, 26, 1, 3),
('120255', 'طالب علوم حاسوب 255', 'cs255@student.just.edu.jo', '123456', 'علوم الحاسوب', '2026-06-04 19:00:32', 3, 26, 1, 4),
('120256', 'طالب علوم حاسوب 256', 'cs256@student.just.edu.jo', '123456', 'علوم الحاسوب', '2026-06-04 19:00:32', 3, 26, 1, 1),
('120257', 'طالب علوم حاسوب 257', 'cs257@student.just.edu.jo', '123456', 'علوم الحاسوب', '2026-06-04 19:00:32', 3, 26, 1, 2),
('120258', 'طالب علوم حاسوب 258', 'cs258@student.just.edu.jo', '123456', 'علوم الحاسوب', '2026-06-04 19:00:32', 3, 26, 1, 3),
('120259', 'طالب علوم حاسوب 259', 'cs259@student.just.edu.jo', '123456', 'علوم الحاسوب', '2026-06-04 19:00:32', 3, 26, 1, 4),
('120260', 'طالب علوم حاسوب 260', 'cs260@student.just.edu.jo', '123456', 'علوم الحاسوب', '2026-06-04 19:00:32', 3, 26, 1, 1),
('120261', 'طالب علوم حاسوب 261', 'cs261@student.just.edu.jo', '123456', 'علوم الحاسوب', '2026-06-04 19:00:32', 3, 26, 1, 2),
('120262', 'طالب علوم حاسوب 262', 'cs262@student.just.edu.jo', '123456', 'علوم الحاسوب', '2026-06-04 19:00:32', 3, 26, 1, 3),
('120263', 'طالب علوم حاسوب 263', 'cs263@student.just.edu.jo', '123456', 'علوم الحاسوب', '2026-06-04 19:00:32', 3, 26, 1, 4),
('120264', 'طالب علوم حاسوب 264', 'cs264@student.just.edu.jo', '123456', 'علوم الحاسوب', '2026-06-04 19:00:32', 3, 26, 1, 1),
('120265', 'طالب علوم حاسوب 265', 'cs265@student.just.edu.jo', '123456', 'علوم الحاسوب', '2026-06-04 19:00:32', 3, 26, 1, 2),
('120266', 'طالب علوم حاسوب 266', 'cs266@student.just.edu.jo', '123456', 'علوم الحاسوب', '2026-06-04 19:00:32', 3, 26, 1, 3),
('120267', 'طالب علوم حاسوب 267', 'cs267@student.just.edu.jo', '123456', 'علوم الحاسوب', '2026-06-04 19:00:32', 3, 26, 1, 4),
('120268', 'طالب علوم حاسوب 268', 'cs268@student.just.edu.jo', '123456', 'علوم الحاسوب', '2026-06-04 19:00:32', 3, 26, 1, 1),
('120269', 'طالب علوم حاسوب 269', 'cs269@student.just.edu.jo', '123456', 'علوم الحاسوب', '2026-06-04 19:00:32', 3, 26, 1, 2),
('120270', 'طالب علوم حاسوب 270', 'cs270@student.just.edu.jo', '123456', 'علوم الحاسوب', '2026-06-04 19:00:32', 3, 26, 1, 3),
('120271', 'طالب علوم حاسوب 271', 'cs271@student.just.edu.jo', '123456', 'علوم الحاسوب', '2026-06-04 19:00:32', 3, 26, 1, 4),
('120272', 'طالب علوم حاسوب 272', 'cs272@student.just.edu.jo', '123456', 'علوم الحاسوب', '2026-06-04 19:00:32', 3, 26, 1, 1),
('120273', 'طالب علوم حاسوب 273', 'cs273@student.just.edu.jo', '123456', 'علوم الحاسوب', '2026-06-04 19:00:32', 3, 26, 1, 2),
('120274', 'طالب علوم حاسوب 274', 'cs274@student.just.edu.jo', '123456', 'علوم الحاسوب', '2026-06-04 19:00:32', 3, 26, 1, 3),
('120275', 'طالب علوم حاسوب 275', 'cs275@student.just.edu.jo', '123456', 'علوم الحاسوب', '2026-06-04 19:00:32', 3, 26, 1, 4),
('120276', 'طالب علوم حاسوب 276', 'cs276@student.just.edu.jo', '123456', 'علوم الحاسوب', '2026-06-04 19:00:32', 3, 26, 1, 1),
('120277', 'طالب علوم حاسوب 277', 'cs277@student.just.edu.jo', '123456', 'علوم الحاسوب', '2026-06-04 19:00:32', 3, 26, 1, 2),
('120278', 'طالب علوم حاسوب 278', 'cs278@student.just.edu.jo', '123456', 'علوم الحاسوب', '2026-06-04 19:00:32', 3, 26, 1, 3),
('120279', 'طالب علوم حاسوب 279', 'cs279@student.just.edu.jo', '123456', 'علوم الحاسوب', '2026-06-04 19:00:32', 3, 26, 1, 4),
('120280', 'طالب علوم حاسوب 280', 'cs280@student.just.edu.jo', '123456', 'علوم الحاسوب', '2026-06-04 19:00:32', 3, 26, 1, 1),
('120281', 'طالب علوم حاسوب 281', 'cs281@student.just.edu.jo', '123456', 'علوم الحاسوب', '2026-06-04 19:00:32', 3, 26, 1, 2),
('120282', 'طالب علوم حاسوب 282', 'cs282@student.just.edu.jo', '123456', 'علوم الحاسوب', '2026-06-04 19:00:32', 3, 26, 1, 3),
('120283', 'طالب علوم حاسوب 283', 'cs283@student.just.edu.jo', '123456', 'علوم الحاسوب', '2026-06-04 19:00:32', 3, 26, 1, 4),
('120284', 'طالب علوم حاسوب 284', 'cs284@student.just.edu.jo', '123456', 'علوم الحاسوب', '2026-06-04 19:00:32', 3, 26, 1, 1),
('120285', 'طالب علوم حاسوب 285', 'cs285@student.just.edu.jo', '123456', 'علوم الحاسوب', '2026-06-04 19:00:32', 3, 26, 1, 2),
('120286', 'طالب علوم حاسوب 286', 'cs286@student.just.edu.jo', '123456', 'علوم الحاسوب', '2026-06-04 19:00:32', 3, 26, 1, 3),
('120287', 'طالب علوم حاسوب 287', 'cs287@student.just.edu.jo', '123456', 'علوم الحاسوب', '2026-06-04 19:00:32', 3, 26, 1, 4),
('120288', 'طالب علوم حاسوب 288', 'cs288@student.just.edu.jo', '123456', 'علوم الحاسوب', '2026-06-04 19:00:32', 3, 26, 1, 1),
('120289', 'طالب علوم حاسوب 289', 'cs289@student.just.edu.jo', '123456', 'علوم الحاسوب', '2026-06-04 19:00:32', 3, 26, 1, 2),
('120290', 'طالب علوم حاسوب 290', 'cs290@student.just.edu.jo', '123456', 'علوم الحاسوب', '2026-06-04 19:00:32', 3, 26, 1, 3),
('120291', 'طالب علوم حاسوب 291', 'cs291@student.just.edu.jo', '123456', 'علوم الحاسوب', '2026-06-04 19:00:32', 3, 26, 1, 4),
('120292', 'طالب علوم حاسوب 292', 'cs292@student.just.edu.jo', '123456', 'علوم الحاسوب', '2026-06-04 19:00:32', 3, 26, 1, 1),
('120293', 'طالب علوم حاسوب 293', 'cs293@student.just.edu.jo', '123456', 'علوم الحاسوب', '2026-06-04 19:00:32', 3, 26, 1, 2),
('120294', 'طالب علوم حاسوب 294', 'cs294@student.just.edu.jo', '123456', 'علوم الحاسوب', '2026-06-04 19:00:32', 3, 26, 1, 3),
('120295', 'طالب علوم حاسوب 295', 'cs295@student.just.edu.jo', '123456', 'علوم الحاسوب', '2026-06-04 19:00:32', 3, 26, 1, 4),
('120296', 'طالب علوم حاسوب 296', 'cs296@student.just.edu.jo', '123456', 'علوم الحاسوب', '2026-06-04 19:00:32', 3, 26, 1, 1),
('120297', 'طالب علوم حاسوب 297', 'cs297@student.just.edu.jo', '123456', 'علوم الحاسوب', '2026-06-04 19:00:32', 3, 26, 1, 2),
('120298', 'طالب علوم حاسوب 298', 'cs298@student.just.edu.jo', '123456', 'علوم الحاسوب', '2026-06-04 19:00:32', 3, 26, 1, 3),
('120299', 'طالب علوم حاسوب 299', 'cs299@student.just.edu.jo', '123456', 'علوم الحاسوب', '2026-06-04 19:00:32', 3, 26, 1, 4),
('120300', 'طالب علوم حاسوب 300', 'cs300@student.just.edu.jo', '123456', 'علوم الحاسوب', '2026-06-04 19:00:32', 3, 26, 1, 1),
('154677', 'دانية عارف الزبون', 'dania154@student.just.edu.jo', '123456', 'هندسة البرمجيات', '2026-06-04 19:00:32', 1, 29, 1, 4),
('158138', 'أحمد محمود هزايمة', 'ahmad158@student.just.edu.jo', '123456', 'هندسة البرمجيات', '2026-06-04 19:00:32', 1, 29, 1, 4),
('158237', 'خالد جمال الخضور', 'khalid158@student.just.edu.jo', '123456', 'هندسة البرمجيات', '2026-06-04 19:00:32', 1, 29, 1, 3),
('162972', 'دانا محمد مقابلة', 'dana162@student.just.edu.jo', '123456', 'هندسة البرمجيات', '2026-06-04 19:00:32', 1, 29, 1, 2);

-- --------------------------------------------------------

--
-- Table structure for table `student_notification`
--

CREATE TABLE `student_notification` (
  `id` int(11) NOT NULL,
  `student_id` varchar(20) DEFAULT NULL,
  `message` varchar(255) DEFAULT NULL,
  `is_read` tinyint(1) DEFAULT 0,
  `created_at` timestamp NOT NULL DEFAULT current_timestamp(),
  `is_published` tinyint(1) DEFAULT 0,
  `dept_id` int(11) DEFAULT NULL
) ENGINE=InnoDB DEFAULT CHARSET=utf8mb4 COLLATE=utf8mb4_general_ci;

-- --------------------------------------------------------

--
-- Table structure for table `studyplan`
--

CREATE TABLE `studyplan` (
  `plan_id` int(11) NOT NULL,
  `plan_name` varchar(100) NOT NULL,
  `specialization` varchar(100) NOT NULL,
  `total_hours` int(11) DEFAULT 0,
  `dept_id` int(11) DEFAULT NULL
) ENGINE=InnoDB DEFAULT CHARSET=utf8mb4 COLLATE=utf8mb4_general_ci;

--
-- Dumping data for table `studyplan`
--

INSERT INTO `studyplan` (`plan_id`, `plan_name`, `specialization`, `total_hours`, `dept_id`) VALUES
(1, 'خطة هندسة البرمجيات 2026', 'هندسة البرمجيات', 132, 29),
(2, 'خطة هندسة البرمجيات 2022', 'هندسة البرمجيات', 132, 29),
(3, 'خطة علوم الحاسوب 2022', 'علوم الحاسوب', 132, 26);

-- --------------------------------------------------------

--
-- Table structure for table `university`
--

CREATE TABLE `university` (
  `uni_id` int(11) NOT NULL,
  `uni_name` varchar(150) NOT NULL,
  `email_domain` varchar(50) NOT NULL,
  `id_pattern` varchar(100) NOT NULL
) ENGINE=InnoDB DEFAULT CHARSET=utf8mb4 COLLATE=utf8mb4_general_ci;

--
-- Dumping data for table `university`
--

INSERT INTO `university` (`uni_id`, `uni_name`, `email_domain`, `id_pattern`) VALUES
(1, 'جامعة العلوم والتكنولوجيا الأردنية', 'just.edu.jo', '^1[0-9]{5}$'),
(2, 'الجامعة الأردنية', 'ju.edu.jo', '^[0-9]{7}$'),
(3, 'جامعة اليرموك', 'yu.edu.jo', '^[0-9]{9}$'),
(4, 'جامعة مؤتة', 'mutah.edu.jo', '^[0-9]{9}$'),
(5, 'الجامعة الهاشمية', 'hu.edu.jo', '^[0-9]{7}$'),
(6, 'جامعة آل البيت', 'aabu.edu.jo', '^[0-9]{9}$'),
(7, 'جامعة البلقاء التطبيقية', 'bau.edu.jo', '^[0-9]{9}$'),
(8, 'جامعة الحسين بن طلال', 'ahu.edu.jo', '^[0-9]{9}$'),
(9, 'جامعة الطفيلة التقنية', 'ttu.edu.jo', '^[0-9]{9}$'),
(10, 'الجامعة الألمانية الأردنية', 'gju.edu.jo', '^[0-9]{9}$'),
(11, 'جامعة عمان الأهلية', 'ammanu.edu.jo', '^[0-9]{9}$'),
(12, 'جامعة العلوم التطبيقية الخاصة', 'asu.edu.jo', '^[0-9]{9}$'),
(13, 'جامعة فيلادلفيا', 'philadelphia.edu.jo', '^[0-9]{9}$'),
(14, 'جامعة الإسراء', 'israa.edu.jo', '^[0-9]{9}$'),
(15, 'جامعة البترا', 'uop.edu.jo', '^[0-9]{9}$'),
(16, 'جامعة الزيتونة الأردنية', 'zuj.edu.jo', '^[0-9]{9}$'),
(17, 'جامعة جرش', 'jpu.edu.jo', '^[0-9]{9}$'),
(18, 'جامعة الزرقاء', 'zu.edu.jo', '^[0-9]{9}$'),
(19, 'جامعة إربد الأهلية', 'inu.edu.jo', '^[0-9]{9}$'),
(20, 'جامعة الأميرة سمية للتكنولوجيا', 'psut.edu.jo', '^[0-9]{9}$'),
(21, 'جامعة عمان العربية', 'aau.edu.jo', '^[0-9]{9}$'),
(22, 'جامعة الشرق الأوسط', 'meu.edu.jo', '^[0-9]{9}$'),
(23, 'جامعة جدارا', 'jadara.edu.jo', '^[0-9]{9}$'),
(24, 'الجامعة الأمريكية في مادبا', 'aum.edu.jo', '^[0-9]{9}$'),
(25, 'جامعة عجلون الوطنية', 'anu.edu.jo', '^[0-9]{9}$'),
(26, 'جامعة العقبة للتكنولوجيا', 'aut.edu.jo', '^[0-9]{9}$'),
(27, 'جامعة ابن سينا للعلوم الطبية', 'ibnsina.edu.jo', '^[0-9]{9}$'),
(28, 'جامعة العقبة للعلوم الطبية', 'amsu.edu.jo', '^[0-9]{9}$'),
(29, 'الجامعة العربية المفتوحة / فرع الأردن', 'aou.edu.jo', '^[0-9]{9}$'),
(30, 'الأكاديمية العربية للعلوم المالية والمصرفية', 'aafs.edu.jo', '^[0-9]{9}$');

-- --------------------------------------------------------

--
-- Table structure for table `vote`
--

CREATE TABLE `vote` (
  `vote_id` int(11) NOT NULL,
  `student_id` varchar(20) DEFAULT NULL,
  `course_id` int(11) DEFAULT NULL,
  `section_id` int(11) DEFAULT NULL,
  `vote_date` timestamp NOT NULL DEFAULT current_timestamp()
) ENGINE=InnoDB DEFAULT CHARSET=utf8mb4 COLLATE=utf8mb4_general_ci;

--
-- Dumping data for table `vote`
--

INSERT INTO `vote` (`vote_id`, `student_id`, `course_id`, `section_id`, `vote_date`) VALUES
(1, '110001', 34, 1, '2026-06-04 19:00:32'),
(2, '110002', 34, 1, '2026-06-04 19:00:32'),
(3, '110003', 34, 1, '2026-06-04 19:00:32'),
(4, '110004', 34, 1, '2026-06-04 19:00:32'),
(5, '110005', 34, 1, '2026-06-04 19:00:32'),
(6, '110006', 34, 1, '2026-06-04 19:00:32'),
(7, '110007', 34, 1, '2026-06-04 19:00:32'),
(8, '110008', 34, 1, '2026-06-04 19:00:32'),
(9, '110009', 34, 1, '2026-06-04 19:00:32'),
(10, '110010', 34, 1, '2026-06-04 19:00:32'),
(11, '110011', 34, 1, '2026-06-04 19:00:32'),
(12, '110012', 34, 1, '2026-06-04 19:00:32'),
(13, '110013', 34, 1, '2026-06-04 19:00:32'),
(14, '110014', 34, 1, '2026-06-04 19:00:32'),
(15, '110015', 34, 1, '2026-06-04 19:00:32'),
(16, '110016', 34, 1, '2026-06-04 19:00:32'),
(17, '110017', 34, 1, '2026-06-04 19:00:32'),
(18, '110018', 34, 1, '2026-06-04 19:00:32'),
(19, '110019', 34, 1, '2026-06-04 19:00:32'),
(20, '110020', 34, 1, '2026-06-04 19:00:32'),
(21, '110021', 34, 1, '2026-06-04 19:00:32'),
(22, '110022', 34, 1, '2026-06-04 19:00:32'),
(23, '110023', 34, 1, '2026-06-04 19:00:32'),
(24, '110024', 34, 1, '2026-06-04 19:00:32'),
(25, '110025', 34, 1, '2026-06-04 19:00:32'),
(26, '110026', 34, 1, '2026-06-04 19:00:32'),
(27, '110027', 34, 1, '2026-06-04 19:00:32'),
(28, '110028', 34, 1, '2026-06-04 19:00:32'),
(29, '110029', 34, 1, '2026-06-04 19:00:32'),
(30, '110030', 34, 1, '2026-06-04 19:00:32'),
(31, '110031', 34, 1, '2026-06-04 19:00:32'),
(32, '110032', 34, 1, '2026-06-04 19:00:32'),
(33, '110033', 34, 1, '2026-06-04 19:00:32'),
(34, '110034', 34, 1, '2026-06-04 19:00:32'),
(35, '110035', 34, 1, '2026-06-04 19:00:32'),
(36, '110036', 34, 1, '2026-06-04 19:00:32'),
(37, '110037', 34, 1, '2026-06-04 19:00:32'),
(38, '110038', 34, 1, '2026-06-04 19:00:32'),
(39, '110039', 34, 1, '2026-06-04 19:00:32'),
(40, '110040', 34, 1, '2026-06-04 19:00:32'),
(41, '110041', 34, 1, '2026-06-04 19:00:32'),
(42, '110042', 34, 1, '2026-06-04 19:00:32'),
(43, '110043', 34, 1, '2026-06-04 19:00:32'),
(44, '110044', 34, 1, '2026-06-04 19:00:32'),
(45, '110045', 34, 1, '2026-06-04 19:00:32'),
(46, '110046', 34, 1, '2026-06-04 19:00:32'),
(47, '110047', 34, 1, '2026-06-04 19:00:32'),
(48, '110048', 34, 1, '2026-06-04 19:00:32'),
(49, '110049', 34, 1, '2026-06-04 19:00:32'),
(50, '110050', 34, 1, '2026-06-04 19:00:32'),
(64, '110056', 34, 2, '2026-06-04 19:00:32'),
(65, '110057', 34, 2, '2026-06-04 19:00:32'),
(66, '110058', 34, 2, '2026-06-04 19:00:32'),
(67, '110059', 34, 2, '2026-06-04 19:00:32'),
(68, '110060', 34, 2, '2026-06-04 19:00:32'),
(69, '110061', 34, 2, '2026-06-04 19:00:32'),
(70, '110062', 34, 2, '2026-06-04 19:00:32'),
(71, '110063', 34, 2, '2026-06-04 19:00:32'),
(72, '110064', 34, 2, '2026-06-04 19:00:32'),
(73, '110065', 34, 2, '2026-06-04 19:00:32'),
(79, '110066', 16, 3, '2026-06-04 19:00:32'),
(80, '110067', 16, 3, '2026-06-04 19:00:32'),
(81, '110068', 16, 3, '2026-06-04 19:00:32'),
(82, '110069', 16, 3, '2026-06-04 19:00:32'),
(83, '110070', 16, 3, '2026-06-04 19:00:32'),
(84, '110071', 16, 3, '2026-06-04 19:00:32'),
(85, '110072', 16, 3, '2026-06-04 19:00:32'),
(86, '110073', 16, 3, '2026-06-04 19:00:32'),
(87, '110074', 16, 3, '2026-06-04 19:00:32'),
(88, '110075', 16, 3, '2026-06-04 19:00:32'),
(89, '110076', 16, 3, '2026-06-04 19:00:32'),
(90, '110077', 16, 3, '2026-06-04 19:00:32'),
(91, '110078', 16, 3, '2026-06-04 19:00:32'),
(92, '110079', 16, 3, '2026-06-04 19:00:32'),
(93, '110080', 16, 3, '2026-06-04 19:00:32'),
(94, '110081', 16, 3, '2026-06-04 19:00:32'),
(95, '110082', 16, 3, '2026-06-04 19:00:32'),
(96, '110083', 16, 3, '2026-06-04 19:00:32'),
(97, '110084', 16, 3, '2026-06-04 19:00:32'),
(98, '110085', 16, 3, '2026-06-04 19:00:32'),
(99, '110086', 16, 3, '2026-06-04 19:00:32'),
(100, '110087', 16, 3, '2026-06-04 19:00:32'),
(101, '110088', 16, 3, '2026-06-04 19:00:32'),
(102, '110089', 16, 3, '2026-06-04 19:00:32'),
(103, '110090', 16, 3, '2026-06-04 19:00:32'),
(104, '110091', 16, 3, '2026-06-04 19:00:32'),
(105, '110092', 16, 3, '2026-06-04 19:00:32'),
(106, '110093', 16, 3, '2026-06-04 19:00:32'),
(107, '110094', 16, 3, '2026-06-04 19:00:32'),
(108, '110095', 16, 3, '2026-06-04 19:00:32'),
(109, '110096', 16, 3, '2026-06-04 19:00:32'),
(110, '110097', 16, 3, '2026-06-04 19:00:32'),
(111, '110098', 16, 3, '2026-06-04 19:00:32'),
(112, '110099', 16, 3, '2026-06-04 19:00:32'),
(113, '110100', 16, 3, '2026-06-04 19:00:32'),
(142, '110101', 40, 4, '2026-06-04 19:00:32'),
(143, '110102', 40, 4, '2026-06-04 19:00:32'),
(144, '110103', 40, 4, '2026-06-04 19:00:32'),
(145, '110104', 40, 4, '2026-06-04 19:00:32'),
(146, '110105', 40, 4, '2026-06-04 19:00:32'),
(147, '110106', 40, 4, '2026-06-04 19:00:32'),
(148, '110107', 40, 4, '2026-06-04 19:00:32'),
(149, '110108', 40, 4, '2026-06-04 19:00:32'),
(150, '110109', 40, 4, '2026-06-04 19:00:32'),
(151, '110110', 40, 4, '2026-06-04 19:00:32'),
(152, '110111', 40, 4, '2026-06-04 19:00:32'),
(153, '110112', 40, 4, '2026-06-04 19:00:32'),
(154, '110113', 40, 4, '2026-06-04 19:00:32'),
(155, '110114', 40, 4, '2026-06-04 19:00:32'),
(156, '110115', 40, 4, '2026-06-04 19:00:32'),
(157, '110116', 40, 4, '2026-06-04 19:00:32'),
(158, '110117', 40, 4, '2026-06-04 19:00:32'),
(159, '110118', 40, 4, '2026-06-04 19:00:32'),
(160, '110119', 40, 4, '2026-06-04 19:00:32'),
(161, '110120', 40, 4, '2026-06-04 19:00:32'),
(162, '110121', 40, 4, '2026-06-04 19:00:32'),
(163, '110122', 40, 4, '2026-06-04 19:00:32'),
(164, '110123', 40, 4, '2026-06-04 19:00:32'),
(165, '110124', 40, 4, '2026-06-04 19:00:32'),
(166, '110125', 40, 4, '2026-06-04 19:00:32'),
(167, '110126', 40, 4, '2026-06-04 19:00:32'),
(168, '110127', 40, 4, '2026-06-04 19:00:32'),
(169, '110128', 40, 4, '2026-06-04 19:00:32'),
(170, '110129', 40, 4, '2026-06-04 19:00:32'),
(171, '110130', 40, 4, '2026-06-04 19:00:32'),
(172, '110131', 40, 4, '2026-06-04 19:00:32'),
(173, '110132', 40, 4, '2026-06-04 19:00:32'),
(174, '110133', 40, 4, '2026-06-04 19:00:32'),
(175, '110134', 40, 4, '2026-06-04 19:00:32'),
(176, '110135', 40, 4, '2026-06-04 19:00:32'),
(177, '110136', 40, 4, '2026-06-04 19:00:32'),
(178, '110137', 40, 4, '2026-06-04 19:00:32'),
(179, '110138', 40, 4, '2026-06-04 19:00:32'),
(180, '110139', 40, 4, '2026-06-04 19:00:32'),
(181, '110140', 40, 4, '2026-06-04 19:00:32'),
(182, '110141', 40, 4, '2026-06-04 19:00:32'),
(183, '110142', 40, 4, '2026-06-04 19:00:32'),
(184, '110143', 40, 4, '2026-06-04 19:00:32'),
(185, '110144', 40, 4, '2026-06-04 19:00:32'),
(186, '110145', 40, 4, '2026-06-04 19:00:32'),
(205, '110146', 31, 5, '2026-06-04 19:00:32'),
(206, '110147', 31, 5, '2026-06-04 19:00:32'),
(207, '110148', 31, 5, '2026-06-04 19:00:32'),
(208, '110149', 31, 5, '2026-06-04 19:00:32'),
(209, '110150', 31, 5, '2026-06-04 19:00:32'),
(210, '110151', 31, 5, '2026-06-04 19:00:32'),
(211, '110152', 31, 5, '2026-06-04 19:00:32'),
(212, '110153', 31, 5, '2026-06-04 19:00:32'),
(213, '110154', 31, 5, '2026-06-04 19:00:32'),
(214, '110155', 31, 5, '2026-06-04 19:00:32'),
(220, '110156', 42, 6, '2026-06-04 19:00:32'),
(221, '110157', 42, 6, '2026-06-04 19:00:32'),
(222, '110158', 42, 6, '2026-06-04 19:00:32'),
(223, '110159', 42, 6, '2026-06-04 19:00:32'),
(224, '110160', 42, 6, '2026-06-04 19:00:32'),
(225, '110161', 42, 6, '2026-06-04 19:00:32'),
(227, '110162', 13, 7, '2026-06-04 19:00:32'),
(228, '110163', 13, 7, '2026-06-04 19:00:32'),
(229, '110164', 13, 7, '2026-06-04 19:00:32'),
(230, '110165', 13, 7, '2026-06-04 19:00:32'),
(231, '110166', 13, 7, '2026-06-04 19:00:32'),
(232, '110167', 13, 7, '2026-06-04 19:00:32'),
(233, '110168', 13, 7, '2026-06-04 19:00:32'),
(234, '110169', 13, 7, '2026-06-04 19:00:32'),
(235, '110170', 13, 7, '2026-06-04 19:00:32'),
(236, '110171', 13, 7, '2026-06-04 19:00:32'),
(237, '110172', 13, 7, '2026-06-04 19:00:32'),
(238, '110173', 13, 7, '2026-06-04 19:00:32'),
(239, '110174', 13, 7, '2026-06-04 19:00:32'),
(240, '110175', 13, 7, '2026-06-04 19:00:32'),
(241, '110176', 13, 7, '2026-06-04 19:00:32'),
(242, '110177', 76, 8, '2026-06-04 19:00:32'),
(243, '110178', 76, 8, '2026-06-04 19:00:32'),
(244, '110179', 76, 8, '2026-06-04 19:00:32'),
(245, '110180', 76, 8, '2026-06-04 19:00:32'),
(246, '110181', 76, 8, '2026-06-04 19:00:32'),
(247, '110182', 76, 8, '2026-06-04 19:00:32'),
(248, '110183', 76, 8, '2026-06-04 19:00:32'),
(249, '110184', 76, 8, '2026-06-04 19:00:32'),
(250, '120001', 4, 9, '2026-06-04 21:02:12'),
(251, '120002', 4, 9, '2026-06-04 21:02:12'),
(252, '120003', 4, 9, '2026-06-04 21:02:12'),
(253, '120004', 4, 9, '2026-06-04 21:02:12'),
(254, '120005', 4, 9, '2026-06-04 21:02:12'),
(255, '120006', 4, 9, '2026-06-04 21:02:12'),
(256, '120007', 4, 9, '2026-06-04 21:02:12'),
(257, '120008', 4, 9, '2026-06-04 21:02:12'),
(258, '120009', 4, 9, '2026-06-04 21:02:12'),
(259, '120010', 4, 9, '2026-06-04 21:02:12'),
(260, '120011', 4, 9, '2026-06-04 21:02:12'),
(261, '120012', 4, 9, '2026-06-04 21:02:12'),
(262, '120013', 4, 9, '2026-06-04 21:02:12'),
(263, '120014', 4, 9, '2026-06-04 21:02:12'),
(264, '120015', 4, 9, '2026-06-04 21:02:12'),
(265, '120016', 4, 9, '2026-06-04 21:02:12'),
(266, '120017', 4, 9, '2026-06-04 21:02:12'),
(267, '120018', 4, 9, '2026-06-04 21:02:12'),
(268, '120019', 4, 9, '2026-06-04 21:02:12'),
(269, '120020', 4, 9, '2026-06-04 21:02:12'),
(270, '120021', 4, 9, '2026-06-04 21:02:12'),
(271, '120022', 4, 9, '2026-06-04 21:02:12'),
(272, '120023', 4, 9, '2026-06-04 21:02:12'),
(273, '120024', 4, 9, '2026-06-04 21:02:12'),
(274, '120025', 4, 9, '2026-06-04 21:02:12'),
(275, '120026', 4, 9, '2026-06-04 21:02:12'),
(276, '120027', 4, 9, '2026-06-04 21:02:12'),
(277, '120028', 4, 9, '2026-06-04 21:02:12'),
(278, '120029', 4, 9, '2026-06-04 21:02:12'),
(279, '120030', 4, 9, '2026-06-04 21:02:12'),
(280, '120031', 4, 9, '2026-06-04 21:02:12'),
(281, '120032', 4, 9, '2026-06-04 21:02:12'),
(282, '120033', 4, 9, '2026-06-04 21:02:12'),
(283, '120034', 4, 9, '2026-06-04 21:02:12'),
(284, '120035', 4, 9, '2026-06-04 21:02:12'),
(285, '120036', 4, 9, '2026-06-04 21:02:12'),
(286, '120037', 4, 9, '2026-06-04 21:02:12'),
(287, '120038', 4, 9, '2026-06-04 21:02:12'),
(288, '120039', 4, 9, '2026-06-04 21:02:12'),
(289, '120040', 4, 9, '2026-06-04 21:02:12'),
(290, '120041', 4, 9, '2026-06-04 21:02:12'),
(291, '120042', 4, 9, '2026-06-04 21:02:12'),
(292, '120043', 4, 9, '2026-06-04 21:02:12'),
(293, '120044', 4, 9, '2026-06-04 21:02:12'),
(294, '120045', 4, 9, '2026-06-04 21:02:12'),
(295, '120046', 4, 9, '2026-06-04 21:02:12'),
(296, '120047', 4, 9, '2026-06-04 21:02:12'),
(297, '120048', 4, 9, '2026-06-04 21:02:12'),
(313, '120001', 15, 10, '2026-06-04 21:02:12'),
(314, '120002', 15, 10, '2026-06-04 21:02:12'),
(315, '120003', 15, 10, '2026-06-04 21:02:12'),
(316, '120004', 15, 10, '2026-06-04 21:02:12'),
(317, '120005', 15, 10, '2026-06-04 21:02:12'),
(318, '120006', 15, 10, '2026-06-04 21:02:12'),
(319, '120007', 15, 10, '2026-06-04 21:02:12'),
(320, '120008', 15, 10, '2026-06-04 21:02:12'),
(321, '120009', 15, 10, '2026-06-04 21:02:12'),
(322, '120010', 15, 10, '2026-06-04 21:02:12'),
(323, '120011', 15, 10, '2026-06-04 21:02:12'),
(324, '120012', 15, 10, '2026-06-04 21:02:12'),
(325, '120013', 15, 10, '2026-06-04 21:02:12'),
(326, '120014', 15, 10, '2026-06-04 21:02:12'),
(327, '120015', 15, 10, '2026-06-04 21:02:12'),
(328, '120016', 15, 10, '2026-06-04 21:02:12'),
(329, '120017', 15, 10, '2026-06-04 21:02:12'),
(330, '120018', 15, 10, '2026-06-04 21:02:12'),
(331, '120019', 15, 10, '2026-06-04 21:02:12'),
(332, '120020', 15, 10, '2026-06-04 21:02:12'),
(333, '120021', 15, 10, '2026-06-04 21:02:12'),
(334, '120022', 15, 10, '2026-06-04 21:02:12'),
(335, '120023', 15, 10, '2026-06-04 21:02:12'),
(336, '120024', 15, 10, '2026-06-04 21:02:12'),
(337, '120025', 15, 10, '2026-06-04 21:02:12'),
(338, '120026', 15, 10, '2026-06-04 21:02:12'),
(339, '120027', 15, 10, '2026-06-04 21:02:12'),
(340, '120028', 15, 10, '2026-06-04 21:02:12'),
(341, '120029', 15, 10, '2026-06-04 21:02:12'),
(342, '120030', 15, 10, '2026-06-04 21:02:12'),
(343, '120031', 15, 10, '2026-06-04 21:02:12'),
(344, '120032', 15, 10, '2026-06-04 21:02:12'),
(345, '120033', 15, 10, '2026-06-04 21:02:12'),
(346, '120034', 15, 10, '2026-06-04 21:02:12'),
(347, '120035', 15, 10, '2026-06-04 21:02:12'),
(348, '120036', 15, 10, '2026-06-04 21:02:12'),
(349, '120037', 15, 10, '2026-06-04 21:02:12'),
(350, '120038', 15, 10, '2026-06-04 21:02:12'),
(351, '120039', 15, 10, '2026-06-04 21:02:12'),
(352, '120040', 15, 10, '2026-06-04 21:02:12'),
(353, '120041', 15, 10, '2026-06-04 21:02:12'),
(354, '120042', 15, 10, '2026-06-04 21:02:12'),
(355, '120043', 15, 10, '2026-06-04 21:02:12'),
(356, '120044', 15, 10, '2026-06-04 21:02:12'),
(357, '120045', 15, 10, '2026-06-04 21:02:12'),
(358, '120046', 15, 10, '2026-06-04 21:02:12'),
(359, '120047', 15, 10, '2026-06-04 21:02:12'),
(360, '120048', 15, 10, '2026-06-04 21:02:12'),
(361, '120049', 15, 10, '2026-06-04 21:02:12'),
(362, '120050', 15, 10, '2026-06-04 21:02:12'),
(376, '120061', 15, 11, '2026-06-04 21:02:12'),
(377, '120062', 15, 11, '2026-06-04 21:02:12'),
(378, '120063', 15, 11, '2026-06-04 21:02:12'),
(379, '120064', 15, 11, '2026-06-04 21:02:12'),
(380, '120065', 15, 11, '2026-06-04 21:02:12'),
(381, '120066', 15, 11, '2026-06-04 21:02:12'),
(382, '120067', 15, 11, '2026-06-04 21:02:12'),
(383, '120068', 15, 11, '2026-06-04 21:02:12'),
(384, '120069', 15, 11, '2026-06-04 21:02:12'),
(385, '120070', 15, 11, '2026-06-04 21:02:12'),
(391, '120071', 22, 12, '2026-06-04 21:02:12'),
(392, '120072', 22, 12, '2026-06-04 21:02:12'),
(393, '120073', 22, 12, '2026-06-04 21:02:12'),
(394, '120074', 22, 12, '2026-06-04 21:02:12'),
(395, '120075', 22, 12, '2026-06-04 21:02:12'),
(396, '120076', 22, 12, '2026-06-04 21:02:12'),
(397, '120077', 22, 12, '2026-06-04 21:02:12'),
(398, '120078', 22, 12, '2026-06-04 21:02:12'),
(399, '120079', 22, 12, '2026-06-04 21:02:12'),
(400, '120080', 22, 12, '2026-06-04 21:02:12'),
(401, '120081', 22, 12, '2026-06-04 21:02:12'),
(402, '120082', 22, 12, '2026-06-04 21:02:12'),
(403, '120083', 22, 12, '2026-06-04 21:02:12'),
(404, '120084', 22, 12, '2026-06-04 21:02:12'),
(405, '120085', 22, 12, '2026-06-04 21:02:12'),
(406, '120086', 22, 12, '2026-06-04 21:02:12'),
(407, '120087', 22, 12, '2026-06-04 21:02:12'),
(408, '120088', 22, 12, '2026-06-04 21:02:12'),
(409, '120089', 22, 12, '2026-06-04 21:02:12'),
(410, '120090', 22, 12, '2026-06-04 21:02:12'),
(411, '120091', 22, 12, '2026-06-04 21:02:12'),
(412, '120092', 22, 12, '2026-06-04 21:02:12'),
(413, '120093', 22, 12, '2026-06-04 21:02:12'),
(414, '120094', 22, 12, '2026-06-04 21:02:12'),
(415, '120095', 22, 12, '2026-06-04 21:02:12'),
(416, '120096', 22, 12, '2026-06-04 21:02:12'),
(417, '120097', 22, 12, '2026-06-04 21:02:12'),
(418, '120098', 22, 12, '2026-06-04 21:02:12'),
(419, '120099', 22, 12, '2026-06-04 21:02:12'),
(420, '120100', 22, 12, '2026-06-04 21:02:12'),
(421, '120101', 22, 12, '2026-06-04 21:02:12'),
(422, '120102', 22, 12, '2026-06-04 21:02:12'),
(423, '120103', 22, 12, '2026-06-04 21:02:12'),
(424, '120104', 22, 12, '2026-06-04 21:02:12'),
(425, '120105', 22, 12, '2026-06-04 21:02:12'),
(426, '120106', 22, 12, '2026-06-04 21:02:12'),
(427, '120107', 22, 12, '2026-06-04 21:02:12'),
(428, '120108', 22, 12, '2026-06-04 21:02:12'),
(429, '120109', 22, 12, '2026-06-04 21:02:12'),
(430, '120110', 22, 12, '2026-06-04 21:02:12'),
(431, '120111', 22, 12, '2026-06-04 21:02:12'),
(432, '120112', 22, 12, '2026-06-04 21:02:12'),
(433, '120113', 22, 12, '2026-06-04 21:02:12'),
(434, '120114', 22, 12, '2026-06-04 21:02:12'),
(435, '120115', 22, 12, '2026-06-04 21:02:12'),
(454, '120116', 47, 13, '2026-06-04 21:02:12'),
(455, '120117', 47, 13, '2026-06-04 21:02:12'),
(456, '120118', 47, 13, '2026-06-04 21:02:12'),
(457, '120119', 47, 13, '2026-06-04 21:02:12'),
(458, '120120', 47, 13, '2026-06-04 21:02:12'),
(459, '120121', 47, 13, '2026-06-04 21:02:12'),
(460, '120122', 47, 13, '2026-06-04 21:02:12'),
(461, '120123', 47, 13, '2026-06-04 21:02:12'),
(469, '120124', 56, 14, '2026-06-04 21:02:12'),
(470, '120125', 56, 14, '2026-06-04 21:02:12'),
(471, '120126', 56, 14, '2026-06-04 21:02:12'),
(472, '120127', 56, 14, '2026-06-04 21:02:12'),
(473, '120128', 56, 14, '2026-06-04 21:02:12'),
(476, '120129', 27, 15, '2026-06-04 21:02:12'),
(477, '120130', 27, 15, '2026-06-04 21:02:12'),
(478, '120131', 27, 15, '2026-06-04 21:02:12'),
(479, '120132', 27, 15, '2026-06-04 21:02:12'),
(480, '120133', 27, 15, '2026-06-04 21:02:12'),
(481, '120134', 27, 15, '2026-06-04 21:02:12'),
(482, '120135', 27, 15, '2026-06-04 21:02:12'),
(483, '120136', 27, 15, '2026-06-04 21:02:12'),
(484, '120137', 27, 15, '2026-06-04 21:02:12'),
(485, '120138', 27, 15, '2026-06-04 21:02:12'),
(486, '120139', 27, 15, '2026-06-04 21:02:12'),
(487, '120140', 27, 15, '2026-06-04 21:02:12'),
(488, '120141', 27, 15, '2026-06-04 21:02:12'),
(489, '120142', 27, 15, '2026-06-04 21:02:12'),
(490, '120143', 27, 15, '2026-06-04 21:02:12'),
(491, '120144', 27, 15, '2026-06-04 21:02:12'),
(492, '120145', 27, 15, '2026-06-04 21:02:12'),
(493, '120146', 27, 15, '2026-06-04 21:02:12'),
(494, '120147', 27, 15, '2026-06-04 21:02:12'),
(495, '120148', 27, 15, '2026-06-04 21:02:12'),
(496, '120149', 27, 15, '2026-06-04 21:02:12'),
(497, '120150', 27, 15, '2026-06-04 21:02:12'),
(498, '120151', 27, 15, '2026-06-04 21:02:12'),
(499, '120152', 27, 15, '2026-06-04 21:02:12'),
(500, '120153', 27, 15, '2026-06-04 21:02:12'),
(501, '120154', 27, 15, '2026-06-04 21:02:12'),
(502, '120155', 27, 15, '2026-06-04 21:02:12'),
(503, '120156', 27, 15, '2026-06-04 21:02:12'),
(504, '120157', 27, 15, '2026-06-04 21:02:12'),
(505, '120158', 27, 15, '2026-06-04 21:02:12'),
(506, '120159', 27, 15, '2026-06-04 21:02:12'),
(507, '120160', 27, 15, '2026-06-04 21:02:12'),
(539, '120161', 48, 16, '2026-06-04 21:02:12'),
(540, '120162', 48, 16, '2026-06-04 21:02:12'),
(541, '120163', 48, 16, '2026-06-04 21:02:12'),
(542, '120164', 48, 16, '2026-06-04 21:02:12');

-- --------------------------------------------------------

--
-- Table structure for table `waitlist`
--

CREATE TABLE `waitlist` (
  `waitlist_id` int(11) NOT NULL,
  `student_id` varchar(50) NOT NULL,
  `section_id` int(11) NOT NULL,
  `created_at` timestamp NOT NULL DEFAULT current_timestamp()
) ENGINE=InnoDB DEFAULT CHARSET=utf8mb4 COLLATE=utf8mb4_general_ci;

--
-- Dumping data for table `waitlist`
--

INSERT INTO `waitlist` (`waitlist_id`, `student_id`, `section_id`, `created_at`) VALUES
(1, '110051', 1, '2026-06-04 19:00:32'),
(2, '110052', 1, '2026-06-04 19:00:32'),
(3, '110053', 1, '2026-06-04 19:00:32'),
(4, '110054', 1, '2026-06-04 19:00:32'),
(5, '110055', 1, '2026-06-04 19:00:32'),
(6, '120051', 10, '2026-06-04 21:02:12'),
(7, '120052', 10, '2026-06-04 21:02:12'),
(8, '120053', 10, '2026-06-04 21:02:12'),
(9, '120054', 10, '2026-06-04 21:02:12'),
(10, '120055', 10, '2026-06-04 21:02:12'),
(11, '120056', 10, '2026-06-04 21:02:12'),
(12, '120057', 10, '2026-06-04 21:02:12'),
(13, '120058', 10, '2026-06-04 21:02:12'),
(14, '120059', 10, '2026-06-04 21:02:12'),
(15, '120060', 10, '2026-06-04 21:02:12');

--
-- Indexes for dumped tables
--

--
-- Indexes for table `course`
--
ALTER TABLE `course`
  ADD PRIMARY KEY (`course_id`),
  ADD UNIQUE KEY `course_code` (`course_code`),
  ADD KEY `fk_course_dept` (`dept_id`);

--
-- Indexes for table `department`
--
ALTER TABLE `department`
  ADD PRIMARY KEY (`dept_id`),
  ADD UNIQUE KEY `dept_name` (`dept_name`),
  ADD KEY `fac_id` (`fac_id`);

--
-- Indexes for table `faculty`
--
ALTER TABLE `faculty`
  ADD PRIMARY KEY (`fac_id`),
  ADD KEY `uni_id` (`uni_id`);

--
-- Indexes for table `plan_course`
--
ALTER TABLE `plan_course`
  ADD PRIMARY KEY (`plan_id`,`course_id`),
  ADD KEY `course_id` (`course_id`);
ALTER TABLE `plan_course` ADD FULLTEXT KEY `category` (`category`);

--
-- Indexes for table `prerequisites`
--
ALTER TABLE `prerequisites`
  ADD PRIMARY KEY (`id`),
  ADD KEY `course_id` (`course_id`),
  ADD KEY `prereq_id` (`prereq_id`),
  ADD KEY `fk_prereq_plan` (`plan_id`);

--
-- Indexes for table `section`
--
ALTER TABLE `section`
  ADD PRIMARY KEY (`section_id`),
  ADD KEY `course_id` (`course_id`);

--
-- Indexes for table `staff`
--
ALTER TABLE `staff`
  ADD PRIMARY KEY (`staff_id`),
  ADD UNIQUE KEY `email` (`email`),
  ADD UNIQUE KEY `official_id` (`official_id`),
  ADD KEY `fk_staff_dept` (`dept_id`),
  ADD KEY `uni_id` (`uni_id`);

--
-- Indexes for table `student`
--
ALTER TABLE `student`
  ADD PRIMARY KEY (`student_id`),
  ADD UNIQUE KEY `email` (`email`),
  ADD KEY `fk_student_dept` (`dept_id`),
  ADD KEY `uni_id` (`uni_id`);

--
-- Indexes for table `student_notification`
--
ALTER TABLE `student_notification`
  ADD PRIMARY KEY (`id`),
  ADD KEY `student_id` (`student_id`);

--
-- Indexes for table `studyplan`
--
ALTER TABLE `studyplan`
  ADD PRIMARY KEY (`plan_id`),
  ADD KEY `fk_plan_dept` (`dept_id`);

--
-- Indexes for table `university`
--
ALTER TABLE `university`
  ADD PRIMARY KEY (`uni_id`);

--
-- Indexes for table `vote`
--
ALTER TABLE `vote`
  ADD PRIMARY KEY (`vote_id`),
  ADD UNIQUE KEY `unique_student_course` (`student_id`,`course_id`),
  ADD KEY `course_id` (`course_id`),
  ADD KEY `section_id` (`section_id`);

--
-- Indexes for table `waitlist`
--
ALTER TABLE `waitlist`
  ADD PRIMARY KEY (`waitlist_id`),
  ADD UNIQUE KEY `student_id` (`student_id`,`section_id`);

--
-- AUTO_INCREMENT for dumped tables
--

--
-- AUTO_INCREMENT for table `course`
--
ALTER TABLE `course`
  MODIFY `course_id` int(11) NOT NULL AUTO_INCREMENT, AUTO_INCREMENT=81;

--
-- AUTO_INCREMENT for table `department`
--
ALTER TABLE `department`
  MODIFY `dept_id` int(11) NOT NULL AUTO_INCREMENT, AUTO_INCREMENT=44;

--
-- AUTO_INCREMENT for table `faculty`
--
ALTER TABLE `faculty`
  MODIFY `fac_id` int(11) NOT NULL AUTO_INCREMENT, AUTO_INCREMENT=13;

--
-- AUTO_INCREMENT for table `prerequisites`
--
ALTER TABLE `prerequisites`
  MODIFY `id` int(11) NOT NULL AUTO_INCREMENT, AUTO_INCREMENT=128;

--
-- AUTO_INCREMENT for table `section`
--
ALTER TABLE `section`
  MODIFY `section_id` int(11) NOT NULL AUTO_INCREMENT, AUTO_INCREMENT=17;

--
-- AUTO_INCREMENT for table `staff`
--
ALTER TABLE `staff`
  MODIFY `staff_id` int(11) NOT NULL AUTO_INCREMENT, AUTO_INCREMENT=110;

--
-- AUTO_INCREMENT for table `student_notification`
--
ALTER TABLE `student_notification`
  MODIFY `id` int(11) NOT NULL AUTO_INCREMENT;

--
-- AUTO_INCREMENT for table `studyplan`
--
ALTER TABLE `studyplan`
  MODIFY `plan_id` int(11) NOT NULL AUTO_INCREMENT, AUTO_INCREMENT=4;

--
-- AUTO_INCREMENT for table `university`
--
ALTER TABLE `university`
  MODIFY `uni_id` int(11) NOT NULL AUTO_INCREMENT, AUTO_INCREMENT=31;

--
-- AUTO_INCREMENT for table `vote`
--
ALTER TABLE `vote`
  MODIFY `vote_id` int(11) NOT NULL AUTO_INCREMENT, AUTO_INCREMENT=543;

--
-- AUTO_INCREMENT for table `waitlist`
--
ALTER TABLE `waitlist`
  MODIFY `waitlist_id` int(11) NOT NULL AUTO_INCREMENT, AUTO_INCREMENT=16;

--
-- Constraints for dumped tables
--

--
-- Constraints for table `course`
--
ALTER TABLE `course`
  ADD CONSTRAINT `fk_course_dept` FOREIGN KEY (`dept_id`) REFERENCES `department` (`dept_id`) ON DELETE SET NULL;

--
-- Constraints for table `department`
--
ALTER TABLE `department`
  ADD CONSTRAINT `department_ibfk_1` FOREIGN KEY (`fac_id`) REFERENCES `faculty` (`fac_id`) ON DELETE CASCADE;

--
-- Constraints for table `faculty`
--
ALTER TABLE `faculty`
  ADD CONSTRAINT `faculty_ibfk_1` FOREIGN KEY (`uni_id`) REFERENCES `university` (`uni_id`) ON DELETE CASCADE;

--
-- Constraints for table `plan_course`
--
ALTER TABLE `plan_course`
  ADD CONSTRAINT `plan_course_ibfk_1` FOREIGN KEY (`plan_id`) REFERENCES `studyplan` (`plan_id`) ON DELETE CASCADE,
  ADD CONSTRAINT `plan_course_ibfk_2` FOREIGN KEY (`course_id`) REFERENCES `course` (`course_id`) ON DELETE CASCADE;

--
-- Constraints for table `prerequisites`
--
ALTER TABLE `prerequisites`
  ADD CONSTRAINT `fk_prereq_plan` FOREIGN KEY (`plan_id`) REFERENCES `studyplan` (`plan_id`) ON DELETE CASCADE,
  ADD CONSTRAINT `prerequisites_ibfk_1` FOREIGN KEY (`course_id`) REFERENCES `course` (`course_id`),
  ADD CONSTRAINT `prerequisites_ibfk_2` FOREIGN KEY (`prereq_id`) REFERENCES `course` (`course_id`);

--
-- Constraints for table `section`
--
ALTER TABLE `section`
  ADD CONSTRAINT `section_ibfk_1` FOREIGN KEY (`course_id`) REFERENCES `course` (`course_id`) ON DELETE CASCADE;

--
-- Constraints for table `staff`
--
ALTER TABLE `staff`
  ADD CONSTRAINT `fk_staff_dept` FOREIGN KEY (`dept_id`) REFERENCES `department` (`dept_id`),
  ADD CONSTRAINT `staff_ibfk_1` FOREIGN KEY (`uni_id`) REFERENCES `university` (`uni_id`);

--
-- Constraints for table `student`
--
ALTER TABLE `student`
  ADD CONSTRAINT `fk_student_dept` FOREIGN KEY (`dept_id`) REFERENCES `department` (`dept_id`) ON DELETE SET NULL,
  ADD CONSTRAINT `student_ibfk_1` FOREIGN KEY (`uni_id`) REFERENCES `university` (`uni_id`);

--
-- Constraints for table `student_notification`
--
ALTER TABLE `student_notification`
  ADD CONSTRAINT `student_notification_ibfk_1` FOREIGN KEY (`student_id`) REFERENCES `student` (`student_id`) ON DELETE CASCADE;

--
-- Constraints for table `studyplan`
--
ALTER TABLE `studyplan`
  ADD CONSTRAINT `fk_plan_dept` FOREIGN KEY (`dept_id`) REFERENCES `department` (`dept_id`) ON DELETE SET NULL;

--
-- Constraints for table `vote`
--
ALTER TABLE `vote`
  ADD CONSTRAINT `vote_ibfk_1` FOREIGN KEY (`student_id`) REFERENCES `student` (`student_id`) ON DELETE CASCADE ON UPDATE CASCADE,
  ADD CONSTRAINT `vote_ibfk_2` FOREIGN KEY (`course_id`) REFERENCES `course` (`course_id`) ON DELETE CASCADE,
  ADD CONSTRAINT `vote_ibfk_3` FOREIGN KEY (`section_id`) REFERENCES `section` (`section_id`) ON DELETE CASCADE;
COMMIT;

/*!40101 SET CHARACTER_SET_CLIENT=@OLD_CHARACTER_SET_CLIENT */;
/*!40101 SET CHARACTER_SET_RESULTS=@OLD_CHARACTER_SET_RESULTS */;
/*!40101 SET COLLATION_CONNECTION=@OLD_COLLATION_CONNECTION */;
