-- phpMyAdmin SQL Dump
-- version 5.2.1
-- https://www.phpmyadmin.net/
--
-- Host: 127.0.0.1
-- Generation Time: Jun 03, 2026 at 10:53 PM
-- Server version: 10.4.32-MariaDB
-- PHP Version: 8.2.12

SET SQL_MODE = "NO_AUTO_VALUE_ON_ZERO";
START TRANSACTION;
SET time_zone = "+00:00";


/*!40101 SET @OLD_CHARACTER_SET_CLIENT=@@CHARACTER_SET_CLIENT */;
/*!40101 SET @OLD_CHARACTER_SET_RESULTS=@@CHARACTER_SET_RESULTS */;
/*!40101 SET @OLD_COLLATION_CONNECTION=@@COLLATION_CONNECTION */;
/*!40101 SET NAMES utf8mb4 */;

--
-- Database: `uni_registration_simulation`
--

-- --------------------------------------------------------

--
-- Table structure for table `course`
--

CREATE TABLE `course` (
  `course_id` int(11) NOT NULL,
  `line_number` int(11) DEFAULT NULL,
  `course_code` varchar(20) NOT NULL,
  `title` varchar(100) NOT NULL,
  `credit_hours` int(11) NOT NULL,
  `theory_hours` int(11) NOT NULL,
  `practical_hours` int(11) NOT NULL,
  `dept_id` int(11) DEFAULT NULL
) ENGINE=InnoDB DEFAULT CHARSET=utf8mb4 COLLATE=utf8mb4_general_ci;

--
-- Dumping data for table `course`
--

INSERT INTO `course` (`course_id`, `line_number`, `course_code`, `title`, `credit_hours`, `theory_hours`, `practical_hours`, `dept_id`) VALUES
(1, NULL, 'HSS101MATH', 'تفاضل وتكامل 1', 3, 3, 0, 1),
(2, NULL, 'HSS101CS', 'مقدمة في البرمجة', 3, 3, 0, 1),
(3, NULL, 'HSS102SE', 'مهارات اللغة الإنجليزية في تكنولوجيا المعلومات', 3, 3, 0, 1),
(4, NULL, 'HSS106CS', 'مختبر مقدمة في البرمجة', 1, 0, 2, 1),
(5, NULL, 'ARB102', 'مهارات التواصل باللغة العربية', 3, 3, 0, 1),
(6, NULL, 'HSS110', 'القيادة والمسؤولية المجتمعية', 3, 3, 0, 1),
(7, NULL, 'HSS112SE', 'مقدمة في البرمجة الكينونية', 3, 3, 0, 1),
(8, NULL, 'HSS113SE', 'مختبر مقدمة في البرمجة الكينونية', 1, 0, 2, 1),
(9, NULL, 'HSS241MATH', 'الرياضيات المتقطعة', 3, 3, 0, 1),
(10, NULL, 'MS100', 'العلوم العسكرية', 3, 3, 0, 1),
(11, NULL, 'HSS211CS', 'هياكل البيانات', 3, 3, 0, 1),
(12, NULL, 'HSS212CS', 'مختبر هياكل البيانات', 1, 0, 2, 1),
(13, NULL, 'HSS236CPE', 'تصميم المنطق الرقمي', 3, 3, 0, 1),
(14, NULL, 'SE210', 'برمجة جافا', 3, 3, 0, 1),
(15, NULL, 'SE211', 'مختبر برمجة جافا', 1, 0, 3, 1),
(16, NULL, 'SE230', 'أساسيات هندسة البرمجيات', 3, 3, 0, 1),
(17, NULL, 'CS284', 'تحليل وتصميم الخوارزميات', 3, 3, 0, 1),
(18, NULL, 'HI201', 'مختبر تصميم الويب', 1, 0, 3, 1),
(19, NULL, 'HSS221DS', 'أنظمة قواعد البيانات', 3, 3, 0, 1),
(20, NULL, 'HSS256CPE', 'تنظيم وتصميم الحاسوب', 3, 3, 0, 1),
(21, NULL, 'MATH140', 'عناصر الجبر الخطي', 3, 3, 0, 1),
(22, NULL, 'SE222', 'تصميم وبرمجة واجهات المستخدم', 3, 3, 0, 1),
(23, NULL, 'SE223', 'مختبر تصميم وبرمجة واجهات المستخدم', 1, 0, 3, 1),
(24, NULL, 'CS342', 'شبكات الحاسوب', 3, 3, 0, 1),
(25, NULL, 'CS375', 'مبادئ أنظمة التشغيل الحديثة', 3, 3, 0, 1),
(26, NULL, 'HSS119', 'الريادة والابتكار', 2, 2, 0, 1),
(27, NULL, 'HSS203DS', 'التواصل والأخلاقيات المهنية', 2, 2, 0, 1),
(28, NULL, 'HSS233MATH', 'الاحتمالات والإحصاء', 3, 3, 0, 1),
(29, NULL, 'SE301', 'تحليل ونمذجة وتصميم الأنظمة', 3, 3, 0, 1),
(30, NULL, 'SE312', 'تصميم وتطوير الأنظمة المتوازية والموزعة', 3, 3, 0, 1),
(31, NULL, 'SE313', 'مختبر تصميم وتطوير الأنظمة المتوازية', 1, 0, 3, 1),
(32, NULL, 'SE324', 'هيكلية وتصميم البرمجيات', 3, 3, 0, 1),
(33, NULL, 'SE327', 'هندسة وتوثيق متطلبات البرمجيات', 3, 3, 0, 1),
(34, NULL, 'SE332', 'هندسة برمجيات تطبيقات الويب', 3, 3, 0, 1),
(35, NULL, 'SE333', 'مختبر هندسة برمجيات تطبيقات الويب', 1, 0, 3, 1),
(36, NULL, 'SE390', 'التدريب العملي', 3, 0, 25, 1),
(37, NULL, 'SE436', 'فحص البرمجيات وضمان الجودة', 3, 3, 0, 1),
(38, NULL, 'SE437', 'مختبر فحص البرمجيات', 1, 0, 3, 1),
(39, NULL, 'SE442', 'عمليات البرمجيات وإدارة المشاريع', 3, 3, 0, 1),
(40, NULL, 'SE491', 'مشروع التخرج 1', 3, 0, 9, 1),
(41, NULL, 'SE443', 'صيانة البرمجيات وإدارة التكوين', 3, 3, 0, 1),
(42, NULL, 'SE444', 'بناء البرمجيات الآمنة', 3, 3, 0, 1),
(43, NULL, 'SE492', 'مشروع التخرج 2', 3, 0, 0, 1),
(44, NULL, 'SE410', 'تطوير تطبيقات الهواتف الذكية', 3, 3, 0, 1);

-- --------------------------------------------------------

--
-- Table structure for table `department`
--

CREATE TABLE `department` (
  `dept_id` int(11) NOT NULL,
  `dept_name` varchar(100) NOT NULL,
  `fac_id` int(11) DEFAULT NULL
) ENGINE=InnoDB DEFAULT CHARSET=utf8mb4 COLLATE=utf8mb4_general_ci;

--
-- Dumping data for table `department`
--

INSERT INTO `department` (`dept_id`, `dept_name`, `fac_id`) VALUES
(1, 'قسم هندسة البرمجيات', 1);

-- --------------------------------------------------------

--
-- Table structure for table `faculty`
--

CREATE TABLE `faculty` (
  `fac_id` int(11) NOT NULL,
  `fac_name` varchar(150) NOT NULL,
  `uni_id` int(11) DEFAULT NULL
) ENGINE=InnoDB DEFAULT CHARSET=utf8mb4 COLLATE=utf8mb4_general_ci;

--
-- Dumping data for table `faculty`
--

INSERT INTO `faculty` (`fac_id`, `fac_name`, `uni_id`) VALUES
(1, 'كلية تكنولوجيا الحاسوب والمعلومات', 1);

-- --------------------------------------------------------

--
-- Table structure for table `plan_course`
--

CREATE TABLE `plan_course` (
  `plan_id` int(11) NOT NULL,
  `course_id` int(11) NOT NULL,
  `custom_title` varchar(255) DEFAULT NULL,
  `custom_credit_hours` int(11) DEFAULT NULL,
  `custom_theory_hours` int(11) DEFAULT NULL,
  `custom_practical_hours` int(11) DEFAULT NULL,
  `year_level` int(11) DEFAULT NULL COMMENT '1, 2, 3, 4',
  `semester` int(11) DEFAULT NULL COMMENT '1, 2, 3 (Summer)',
  `category` varchar(100) DEFAULT NULL COMMENT 'University Mandatory, Department Elective, etc.',
  `delivery_mode` varchar(50) DEFAULT 'On-site',
  `is_confirmed` tinyint(4) DEFAULT 0
) ENGINE=InnoDB DEFAULT CHARSET=utf8mb4 COLLATE=utf8mb4_general_ci;

--
-- Dumping data for table `plan_course`
--

INSERT INTO `plan_course` (`plan_id`, `course_id`, `custom_title`, `custom_credit_hours`, `custom_theory_hours`, `custom_practical_hours`, `year_level`, `semester`, `category`, `delivery_mode`, `is_confirmed`) VALUES
(1, 1, NULL, NULL, NULL, NULL, 1, 1, 'إجباري جامعة', 'On-site', 1),
(1, 2, NULL, NULL, NULL, NULL, 1, 1, 'إجباري كلية', 'On-site', 1),
(1, 4, NULL, NULL, NULL, NULL, 1, 1, 'إجباري كلية', 'On-site', 1),
(1, 7, NULL, NULL, NULL, NULL, 1, 2, 'إجباري كلية', 'On-site', 1),
(1, 8, NULL, NULL, NULL, NULL, 1, 2, 'إجباري كلية', 'On-site', 1),
(1, 11, NULL, NULL, NULL, NULL, 2, 1, 'إجباري كلية', 'On-site', 1),
(1, 12, 'مختبر هياكل البيانات', 1, 0, 0, 2, 1, 'إجباري كلية', 'On-site', 1),
(1, 13, NULL, NULL, NULL, NULL, 2, 1, 'إجباري كلية', 'On-site', 1),
(1, 14, NULL, NULL, NULL, NULL, 2, 1, 'إجباري تخصص', 'On-site', 1),
(1, 16, NULL, NULL, NULL, NULL, 2, 1, 'إجباري تخصص', 'On-site', 1),
(1, 17, NULL, NULL, NULL, NULL, 2, 2, 'إجباري كلية', 'On-site', 1),
(1, 19, NULL, NULL, NULL, NULL, 2, 2, 'إجباري تخصص', 'On-site', 1),
(1, 22, NULL, NULL, NULL, NULL, 2, 2, 'إجباري تخصص', 'On-site', 1),
(1, 24, NULL, NULL, NULL, NULL, 3, 1, 'إجباري كلية', 'On-site', 1),
(1, 25, NULL, NULL, NULL, NULL, 3, 1, 'إجباري كلية', 'On-site', 1),
(1, 29, NULL, NULL, NULL, NULL, 3, 1, 'إجباري تخصص', 'On-site', 1),
(1, 30, NULL, NULL, NULL, NULL, 3, 2, 'إجباري تخصص', 'Hybrid', 1),
(1, 32, NULL, NULL, NULL, NULL, 3, 2, 'إجباري تخصص', 'On-site', 1),
(1, 33, NULL, NULL, NULL, NULL, 3, 2, 'إجباري تخصص', 'Hybrid', 1),
(1, 34, NULL, NULL, NULL, NULL, 3, 2, 'إجباري تخصص', 'On-site', 1),
(1, 37, NULL, NULL, NULL, NULL, 4, 1, 'إجباري تخصص', 'On-site', 1),
(1, 39, NULL, NULL, NULL, NULL, 4, 1, 'إجباري تخصص', 'Remote', 1),
(1, 41, NULL, NULL, NULL, NULL, 4, 2, 'إجباري تخصص', 'Hybrid', 1),
(1, 42, NULL, NULL, NULL, NULL, 4, 2, 'إجباري تخصص', 'Hybrid', 1),
(1, 44, NULL, NULL, NULL, NULL, 4, 1, 'اختياري تخصص', 'On-site', 1);

-- --------------------------------------------------------

--
-- Table structure for table `prerequisites`
--

CREATE TABLE `prerequisites` (
  `id` int(11) NOT NULL,
  `plan_id` int(11) NOT NULL,
  `course_id` int(11) DEFAULT NULL,
  `prereq_id` int(11) DEFAULT NULL,
  `req_type` enum('Success','Study') DEFAULT 'Success'
) ENGINE=InnoDB DEFAULT CHARSET=utf8mb4 COLLATE=utf8mb4_general_ci;

--
-- Dumping data for table `prerequisites`
--

INSERT INTO `prerequisites` (`id`, `plan_id`, `course_id`, `prereq_id`, `req_type`) VALUES
(2, 1, 4, 2, 'Success'),
(3, 1, 7, 2, 'Success'),
(4, 1, 8, 7, 'Success'),
(5, 1, 11, 7, 'Success'),
(6, 1, 12, 11, 'Success'),
(7, 1, 13, 7, 'Success'),
(8, 1, 14, 7, 'Success'),
(9, 1, 15, 14, 'Success'),
(10, 1, 16, 7, 'Success'),
(11, 1, 17, 11, 'Success'),
(12, 1, 19, 11, 'Success'),
(13, 1, 20, 13, 'Success'),
(14, 1, 21, 1, 'Success'),
(15, 1, 22, 7, 'Success'),
(16, 1, 24, 17, 'Success'),
(17, 1, 25, 17, 'Success'),
(18, 1, 29, 16, 'Success'),
(19, 1, 30, 24, 'Success'),
(20, 1, 32, 29, 'Success'),
(21, 1, 33, 29, 'Success'),
(22, 1, 34, 24, 'Success'),
(23, 1, 37, 29, 'Success'),
(24, 1, 39, 33, 'Success'),
(25, 1, 41, 37, 'Success'),
(26, 1, 42, 32, 'Success'),
(27, 1, 44, 14, 'Success'),
(28, 1, 12, 8, 'Study');

-- --------------------------------------------------------

--
-- Table structure for table `section`
--

CREATE TABLE `section` (
  `section_id` int(11) NOT NULL,
  `course_id` int(11) DEFAULT NULL,
  `section_num` int(11) NOT NULL,
  `days` varchar(100) NOT NULL,
  `start_time` time NOT NULL,
  `end_time` time NOT NULL,
  `instructor_name` varchar(100) DEFAULT NULL,
  `room_id` varchar(20) DEFAULT NULL,
  `delivery_mode` enum('On-site','Remote','Hybrid') NOT NULL,
  `capacity` int(11) DEFAULT 50,
  `enrolled_count` int(11) DEFAULT 0,
  `is_published` tinyint(1) DEFAULT 0
) ENGINE=InnoDB DEFAULT CHARSET=utf8mb4 COLLATE=utf8mb4_general_ci;

--
-- Dumping data for table `section`
--

INSERT INTO `section` (`section_id`, `course_id`, `section_num`, `days`, `start_time`, `end_time`, `instructor_name`, `room_id`, `delivery_mode`, `capacity`, `enrolled_count`, `is_published`) VALUES
(1, 29, 1, 'MW', '10:00:00', '11:41:00', 'د. يحيى بني ياسين', NULL, 'On-site', 100, 0, 1),
(2, 33, 1, 'UTR', '09:00:00', '10:00:00', 'د. أحمد الروسان', NULL, 'On-site', 30, 0, 1),
(3, 33, 2, 'MW', '11:30:00', '13:00:00', 'د. محمد العتوم', NULL, 'On-site', 40, 0, 1),
(4, 37, 1, 'UTR', '11:00:00', '12:00:00', 'د. خالد الزعبي', NULL, 'On-site', 40, 0, 1),
(5, 24, 1, 'MW', '10:00:00', '11:30:00', 'د. فراس العمري', NULL, 'On-site', 50, 0, 1),
(6, 32, 1, 'MW', '10:00:00', '11:30:00', 'د. محمود طيارة', NULL, 'On-site', 50, 0, 1),
(7, 44, 1, 'UTR', '13:00:00', '14:00:00', 'د. سامي المومني', NULL, 'On-site', 40, 0, 1);

-- --------------------------------------------------------

--
-- Table structure for table `staff`
--

CREATE TABLE `staff` (
  `staff_id` int(11) NOT NULL,
  `official_id` varchar(20) DEFAULT NULL,
  `name` varchar(100) DEFAULT NULL,
  `email` varchar(100) NOT NULL,
  `password` varchar(255) NOT NULL,
  `role` enum('clerk','admin','hod') NOT NULL DEFAULT 'clerk',
  `dept_id` int(11) DEFAULT NULL,
  `uni_id` int(11) DEFAULT NULL
) ENGINE=InnoDB DEFAULT CHARSET=utf8mb4 COLLATE=utf8mb4_general_ci;

--
-- Dumping data for table `staff`
--

INSERT INTO `staff` (`staff_id`, `official_id`, `name`, `email`, `password`, `role`, `dept_id`, `uni_id`) VALUES
(1, 'admin_just', 'مدير النظام (أدمن التكنو)', 'admin@just.edu.jo', '123', 'admin', 1, 1),
(2, 'data_clerk', 'مدخل البيانات', 'clerk@just.edu.jo', '123', 'clerk', 1, 1),
(3, 'hkofahi', 'د. حمزة الكوفحي', 'hkofahi@just.edu.jo', '123', 'hod', 1, 1);

-- --------------------------------------------------------

--
-- Table structure for table `student`
--

CREATE TABLE `student` (
  `student_id` varchar(20) NOT NULL,
  `name` varchar(100) NOT NULL,
  `email` varchar(100) NOT NULL,
  `password` varchar(255) NOT NULL,
  `specialization` varchar(100) DEFAULT 'Software Engineering',
  `created_at` timestamp NOT NULL DEFAULT current_timestamp(),
  `plan_id` int(11) DEFAULT NULL,
  `dept_id` int(11) DEFAULT NULL,
  `uni_id` int(11) DEFAULT NULL,
  `year_level` int(11) DEFAULT 1
) ENGINE=InnoDB DEFAULT CHARSET=utf8mb4 COLLATE=utf8mb4_general_ci;

--
-- Dumping data for table `student`
--

INSERT INTO `student` (`student_id`, `name`, `email`, `password`, `specialization`, `created_at`, `plan_id`, `dept_id`, `uni_id`, `year_level`) VALUES
('110001', 'يوسف فادي النعيمات', '110001@stu.just.edu.jo', 'hash', 'هندسة برمجيات', '2026-05-15 21:25:09', 1, 1, 1, 1),
('110002', 'حلا زيد الخصاونة', '110002@stu.just.edu.jo', 'hash', 'هندسة برمجيات', '2026-05-15 21:25:09', 1, 1, 1, 1),
('110003', 'إحسان غسان بني هاني', '110003@stu.just.edu.jo', 'hash', 'هندسة برمجيات', '2026-05-15 21:25:09', 1, 1, 1, 1),
('110004', 'شوق حازم الزعبي', '110004@stu.just.edu.jo', 'hash', 'هندسة برمجيات', '2026-05-15 21:25:09', 1, 1, 1, 1),
('110005', 'مخلص بلال العمري', '110005@stu.just.edu.jo', 'hash', 'هندسة برمجيات', '2026-05-15 21:25:09', 1, 1, 1, 1),
('110006', 'رنين وسيم المومني', '110006@stu.just.edu.jo', 'hash', 'هندسة برمجيات', '2026-05-15 21:25:09', 1, 1, 1, 1),
('110007', 'عمار رفيق عبيدات', '110007@stu.just.edu.jo', 'hash', 'هندسة برمجيات', '2026-05-15 21:25:09', 1, 1, 1, 1),
('110008', 'عبير شادي الكيلاني', '110008@stu.just.edu.jo', 'hash', 'هندسة برمجيات', '2026-05-15 21:25:09', 1, 1, 1, 1),
('110009', 'فادي صفوان البطاينة', '110009@stu.just.edu.jo', 'hash', 'هندسة برمجيات', '2026-05-15 21:25:09', 1, 1, 1, 1),
('110010', 'سوسن جلال الغرايبة', '110010@stu.just.edu.jo', 'hash', 'هندسة برمجيات', '2026-05-15 21:25:09', 1, 1, 1, 1),
('110011', 'زيد مالك الشرمان', '110011@stu.just.edu.jo', 'hash', 'هندسة برمجيات', '2026-05-15 21:25:09', 1, 1, 1, 1),
('110012', 'غادة مروان العتوم', '110012@stu.just.edu.jo', 'hash', 'هندسة برمجيات', '2026-05-15 21:25:09', 1, 1, 1, 1),
('110013', 'غسان إبراهيم الجراح', '110013@stu.just.edu.jo', 'hash', 'هندسة برمجيات', '2026-05-15 21:25:09', 1, 1, 1, 1),
('110014', 'نجوى حسام النعيمات', '110014@stu.just.edu.jo', 'hash', 'هندسة برمجيات', '2026-05-15 21:25:09', 1, 1, 1, 1),
('110015', 'حازم رياض الطراونة', '110015@stu.just.edu.jo', 'hash', 'هندسة برمجيات', '2026-05-15 21:25:09', 1, 1, 1, 1),
('110016', 'لمى سليمان المجالي', '110016@stu.just.edu.jo', 'hash', 'هندسة برمجيات', '2026-05-15 21:25:09', 1, 1, 1, 1),
('110017', 'بلال يونس الحباشنة', '110017@stu.just.edu.jo', 'hash', 'هندسة برمجيات', '2026-05-15 21:25:09', 1, 1, 1, 1),
('110018', 'وفاء جابر العدوان', '110018@stu.just.edu.jo', 'hash', 'هندسة برمجيات', '2026-05-15 21:25:09', 1, 1, 1, 1),
('110019', 'وسيم قاسم الفايز', '110019@stu.just.edu.jo', 'hash', 'هندسة برمجيات', '2026-05-15 21:25:09', 1, 1, 1, 1),
('110020', 'عبير محمود بني هاني', '110020@stu.just.edu.jo', 'hash', 'هندسة برمجيات', '2026-05-15 21:25:09', 1, 1, 1, 1),
('110021', 'رفيق نعيم بني إرشيد', '110021@stu.just.edu.jo', 'hash', 'هندسة برمجيات', '2026-05-15 21:25:09', 1, 1, 1, 1),
('110022', 'زينة إحسان الروسان', '110022@stu.just.edu.jo', 'hash', 'هندسة برمجيات', '2026-05-15 21:25:09', 1, 1, 1, 1),
('110023', 'شادي مخلص الشبول', '110023@stu.just.edu.jo', 'hash', 'هندسة برمجيات', '2026-05-15 21:25:09', 1, 1, 1, 1),
('110024', 'فاتن عمار العزام', '110024@stu.just.edu.jo', 'hash', 'هندسة برمجيات', '2026-05-15 21:25:09', 1, 1, 1, 1),
('110025', 'صفوان فادي مقدادي', '110025@stu.just.edu.jo', 'hash', 'هندسة برمجيات', '2026-05-15 21:25:09', 1, 1, 1, 1),
('110026', 'روان زيد السعدي', '110026@stu.just.edu.jo', 'hash', 'هندسة برمجيات', '2026-05-15 21:25:09', 1, 1, 1, 1),
('110027', 'جلال غسان بني عبده', '110027@stu.just.edu.jo', 'hash', 'هندسة برمجيات', '2026-05-15 21:25:09', 1, 1, 1, 1),
('110028', 'إيمان حازم القضاة', '110028@stu.just.edu.jo', 'hash', 'هندسة برمجيات', '2026-05-15 21:25:09', 1, 1, 1, 1),
('110029', 'مالك بلال الشقيرات', '110029@stu.just.edu.jo', 'hash', 'هندسة برمجيات', '2026-05-15 21:25:09', 1, 1, 1, 1),
('110030', 'نوال وسيم العبابنة', '110030@stu.just.edu.jo', 'hash', 'هندسة برمجيات', '2026-05-15 21:25:09', 1, 1, 1, 1),
('110031', 'مروان رفيق الدويري', '110031@stu.just.edu.jo', 'hash', 'هندسة برمجيات', '2026-05-15 21:25:09', 1, 1, 1, 1),
('110032', 'سهى شادي العبيدات', '110032@stu.just.edu.jo', 'hash', 'هندسة برمجيات', '2026-05-15 21:25:09', 1, 1, 1, 1),
('110033', 'إبراهيم صفوان الرواشدة', '110033@stu.just.edu.jo', 'hash', 'هندسة برمجيات', '2026-05-15 21:25:09', 1, 1, 1, 1),
('110034', 'هند جلال التميمي', '110034@stu.just.edu.jo', 'hash', 'هندسة برمجيات', '2026-05-15 21:25:09', 1, 1, 1, 1),
('110035', 'حسام مالك الفريحات', '110035@stu.just.edu.jo', 'hash', 'هندسة برمجيات', '2026-05-15 21:25:09', 1, 1, 1, 1),
('110036', 'شروق مروان الزيود', '110036@stu.just.edu.jo', 'hash', 'هندسة برمجيات', '2026-05-15 21:25:09', 1, 1, 1, 1),
('110037', 'رياض إبراهيم البشتاوي', '110037@stu.just.edu.jo', 'hash', 'هندسة برمجيات', '2026-05-15 21:25:09', 1, 1, 1, 1),
('110038', 'مها حسام الزريقات', '110038@stu.just.edu.jo', 'hash', 'هندسة برمجيات', '2026-05-15 21:25:09', 1, 1, 1, 1),
('110039', 'سليمان رياض الصرايرة', '110039@stu.just.edu.jo', 'hash', 'هندسة برمجيات', '2026-05-15 21:25:09', 1, 1, 1, 1),
('110040', 'سحر سليمان بني صخر', '110040@stu.just.edu.jo', 'hash', 'هندسة برمجيات', '2026-05-15 21:25:09', 1, 1, 1, 1),
('110041', 'يونس يونس الشوابكة', '110041@stu.just.edu.jo', 'hash', 'هندسة برمجيات', '2026-05-15 21:25:09', 1, 1, 1, 1),
('110042', 'لجين جابر الجبور', '110042@stu.just.edu.jo', 'hash', 'هندسة برمجيات', '2026-05-15 21:25:09', 1, 1, 1, 1),
('110043', 'جابر قاسم العرمان', '110043@stu.just.edu.jo', 'hash', 'هندسة برمجيات', '2026-05-15 21:25:09', 1, 1, 1, 1),
('110044', 'ديما محمود الطاهات', '110044@stu.just.edu.jo', 'hash', 'هندسة برمجيات', '2026-05-15 21:25:09', 1, 1, 1, 1),
('110045', 'قاسم نعيم الحموري', '110045@stu.just.edu.jo', 'hash', 'هندسة برمجيات', '2026-05-15 21:25:09', 1, 1, 1, 1),
('110046', 'رنيم إحسان الشريدة', '110046@stu.just.edu.jo', 'hash', 'هندسة برمجيات', '2026-05-15 21:25:09', 1, 1, 1, 1),
('110047', 'محمود مخلص الخلايلة', '110047@stu.just.edu.jo', 'hash', 'هندسة برمجيات', '2026-05-15 21:25:09', 1, 1, 1, 1),
('110048', 'ياسمين عمار العظامات', '110048@stu.just.edu.jo', 'hash', 'هندسة برمجيات', '2026-05-15 21:25:09', 1, 1, 1, 1),
('110049', 'نعيم فادي الجعافرة', '110049@stu.just.edu.jo', 'hash', 'هندسة برمجيات', '2026-05-15 21:25:09', 1, 1, 1, 1),
('110050', 'فرح زيد الديات', '110050@stu.just.edu.jo', 'hash', 'هندسة برمجيات', '2026-05-15 21:25:09', 1, 1, 1, 1),
('120001', 'عادل مخلص النعيمات', '120001@stu.just.edu.jo', 'hash', 'هندسة برمجيات', '2026-05-15 21:25:09', 1, 1, 1, 2),
('120002', 'لانا عمار الخصاونة', '120002@stu.just.edu.jo', 'hash', 'هندسة برمجيات', '2026-05-15 21:25:09', 1, 1, 1, 2),
('120003', 'حاتم فادي بني هاني', '120003@stu.just.edu.jo', 'hash', 'هندسة برمجيات', '2026-05-15 21:25:09', 1, 1, 1, 2),
('120004', 'شذا زيد الزعبي', '120004@stu.just.edu.jo', 'hash', 'هندسة برمجيات', '2026-05-15 21:25:09', 1, 1, 1, 2),
('120005', 'فراس غسان العمري', '120005@stu.just.edu.jo', 'hash', 'هندسة برمجيات', '2026-05-15 21:25:09', 1, 1, 1, 2),
('120006', 'ملاك حازم المومني', '120006@stu.just.edu.jo', 'hash', 'هندسة برمجيات', '2026-05-15 21:25:09', 1, 1, 1, 2),
('120007', 'صالح بلال عبيدات', '120007@stu.just.edu.jo', 'hash', 'هندسة برمجيات', '2026-05-15 21:25:09', 1, 1, 1, 2),
('120008', 'جيهان وسيم الكيلاني', '120008@stu.just.edu.jo', 'hash', 'هندسة برمجيات', '2026-05-15 21:25:09', 1, 1, 1, 2),
('120009', 'منير رفيق البطاينة', '120009@stu.just.edu.jo', 'hash', 'هندسة برمجيات', '2026-05-15 21:25:09', 1, 1, 1, 2),
('120010', 'سماح شادي الغرايبة', '120010@stu.just.edu.jo', 'hash', 'هندسة برمجيات', '2026-05-15 21:25:09', 1, 1, 1, 2),
('120011', 'بشار صفوان الشرمان', '120011@stu.just.edu.jo', 'hash', 'هندسة برمجيات', '2026-05-15 21:25:09', 1, 1, 1, 2),
('120012', 'يارا جلال العتوم', '120012@stu.just.edu.jo', 'hash', 'هندسة برمجيات', '2026-05-15 21:25:09', 1, 1, 1, 2),
('120013', 'قصي مالك الجراح', '120013@stu.just.edu.jo', 'hash', 'هندسة برمجيات', '2026-05-15 21:25:09', 1, 1, 1, 2),
('120014', 'دانية مروان النعيمات', '120014@stu.just.edu.jo', 'hash', 'هندسة برمجيات', '2026-05-15 21:25:09', 1, 1, 1, 2),
('120015', 'أنس إبراهيم الطراونة', '120015@stu.just.edu.jo', 'hash', 'هندسة برمجيات', '2026-05-15 21:25:09', 1, 1, 1, 2),
('120016', 'هبة حسام المجالي', '120016@stu.just.edu.jo', 'hash', 'هندسة برمجيات', '2026-05-15 21:25:09', 1, 1, 1, 2),
('120017', 'مؤيد رياض الحباشنة', '120017@stu.just.edu.jo', 'hash', 'هندسة برمجيات', '2026-05-15 21:25:09', 1, 1, 1, 2),
('120018', 'رشا سليمان العدوان', '120018@stu.just.edu.jo', 'hash', 'هندسة برمجيات', '2026-05-15 21:25:09', 1, 1, 1, 2),
('120019', 'كرم يونس الفايز', '120019@stu.just.edu.jo', 'hash', 'هندسة برمجيات', '2026-05-15 21:25:09', 1, 1, 1, 2),
('120020', 'غدير جابر بني هاني', '120020@stu.just.edu.jo', 'hash', 'هندسة برمجيات', '2026-05-15 21:25:09', 1, 1, 1, 2),
('120021', 'يوسف قاسم بني إرشيد', '120021@stu.just.edu.jo', 'hash', 'هندسة برمجيات', '2026-05-15 21:25:09', 1, 1, 1, 2),
('120022', 'نجلاء محمود الروسان', '120022@stu.just.edu.jo', 'hash', 'هندسة برمجيات', '2026-05-15 21:25:09', 1, 1, 1, 2),
('120023', 'بهاء نعيم الشبول', '120023@stu.just.edu.jo', 'hash', 'هندسة برمجيات', '2026-05-15 21:25:09', 1, 1, 1, 2),
('120024', 'ميساء إحسان العزام', '120024@stu.just.edu.jo', 'hash', 'هندسة برمجيات', '2026-05-15 21:25:09', 1, 1, 1, 2),
('120025', 'أمجد مخلص مقدادي', '120025@stu.just.edu.jo', 'hash', 'هندسة برمجيات', '2026-05-15 21:25:09', 1, 1, 1, 2),
('120026', 'ربى عمار السعدي', '120026@stu.just.edu.jo', 'hash', 'هندسة برمجيات', '2026-05-15 21:25:09', 1, 1, 1, 2),
('120027', 'خالد فادي بني عبده', '120027@stu.just.edu.jo', 'hash', 'هندسة برمجيات', '2026-05-15 21:25:09', 1, 1, 1, 2),
('120028', 'علا زيد القضاة', '120028@stu.just.edu.jo', 'hash', 'هندسة برمجيات', '2026-05-15 21:25:09', 1, 1, 1, 2),
('120029', 'تامر غسان الشقيرات', '120029@stu.just.edu.jo', 'hash', 'هندسة برمجيات', '2026-05-15 21:25:09', 1, 1, 1, 2),
('120030', 'سمية حازم العبابنة', '120030@stu.just.edu.jo', 'hash', 'هندسة برمجيات', '2026-05-15 21:25:09', 1, 1, 1, 2),
('120031', 'عصام بلال الدويري', '120031@stu.just.edu.jo', 'hash', 'هندسة برمجيات', '2026-05-15 21:25:09', 1, 1, 1, 2),
('120032', 'فداء وسيم العبيدات', '120032@stu.just.edu.jo', 'hash', 'هندسة برمجيات', '2026-05-15 21:25:09', 1, 1, 1, 2),
('120033', 'رائد رفيق الرواشدة', '120033@stu.just.edu.jo', 'hash', 'هندسة برمجيات', '2026-05-15 21:25:09', 1, 1, 1, 2),
('120034', 'بسمة شادي التميمي', '120034@stu.just.edu.jo', 'hash', 'هندسة برمجيات', '2026-05-15 21:25:09', 1, 1, 1, 2),
('120035', 'سالم صفوان الفريحات', '120035@stu.just.edu.jo', 'hash', 'هندسة برمجيات', '2026-05-15 21:25:09', 1, 1, 1, 2),
('120036', 'حسناء جلال الزيود', '120036@stu.just.edu.jo', 'hash', 'هندسة برمجيات', '2026-05-15 21:25:09', 1, 1, 1, 2),
('120037', 'إبراهيم مالك البشتاوي', '120037@stu.just.edu.jo', 'hash', 'هندسة برمجيات', '2026-05-15 21:25:09', 1, 1, 1, 2),
('120038', 'ضحى مروان الزريقات', '120038@stu.just.edu.jo', 'hash', 'هندسة برمجيات', '2026-05-15 21:25:09', 1, 1, 1, 2),
('120039', 'رياض إبراهيم الصرايرة', '120039@stu.just.edu.jo', 'hash', 'هندسة برمجيات', '2026-05-15 21:25:09', 1, 1, 1, 2),
('120040', 'سهير حسام بني صخر', '120040@stu.just.edu.jo', 'hash', 'هندسة برمجيات', '2026-05-15 21:25:09', 1, 1, 1, 2),
('120041', 'سليمان رياض الشوابكة', '120041@stu.just.edu.jo', 'hash', 'هندسة برمجيات', '2026-05-15 21:25:09', 1, 1, 1, 2),
('120042', 'عائشة سليمان الجبور', '120042@stu.just.edu.jo', 'hash', 'هندسة برمجيات', '2026-05-15 21:25:09', 1, 1, 1, 2),
('120043', 'يونس يونس العرمان', '120043@stu.just.edu.jo', 'hash', 'هندسة برمجيات', '2026-05-15 21:25:09', 1, 1, 1, 2),
('120044', 'نور جابر الطاهات', '120044@stu.just.edu.jo', 'hash', 'هندسة برمجيات', '2026-05-15 21:25:09', 1, 1, 1, 2),
('120045', 'جابر قاسم الحموري', '120045@stu.just.edu.jo', 'hash', 'هندسة برمجيات', '2026-05-15 21:25:09', 1, 1, 1, 2),
('120046', 'مريم محمود الشريدة', '120046@stu.just.edu.jo', 'hash', 'هندسة برمجيات', '2026-05-15 21:25:09', 1, 1, 1, 2),
('120047', 'قاسم نعيم الخلايلة', '120047@stu.just.edu.jo', 'hash', 'هندسة برمجيات', '2026-05-15 21:25:09', 1, 1, 1, 2),
('120048', 'سناء إحسان العظامات', '120048@stu.just.edu.jo', 'hash', 'هندسة برمجيات', '2026-05-15 21:25:09', 1, 1, 1, 2),
('120049', 'محمود مخلص الجعافرة', '120049@stu.just.edu.jo', 'hash', 'هندسة برمجيات', '2026-05-15 21:25:09', 1, 1, 1, 2),
('120050', 'ليان عمار الديات', '120050@stu.just.edu.jo', 'hash', 'هندسة برمجيات', '2026-05-15 21:25:09', 1, 1, 1, 2),
('130001', 'راشد سيف النعيمات', '130001@stu.just.edu.jo', 'hash', 'هندسة برمجيات', '2026-05-15 21:25:09', 1, 1, 1, 3),
('130002', 'داليا علي الخصاونة', '130002@stu.just.edu.jo', 'hash', 'هندسة برمجيات', '2026-05-15 21:25:09', 1, 1, 1, 3),
('130003', 'منصور فارس الزعبي', '130003@stu.just.edu.jo', 'hash', 'هندسة برمجيات', '2026-05-15 21:25:09', 1, 1, 1, 3),
('130004', 'لجين ياسر العمري', '130004@stu.just.edu.jo', 'hash', 'هندسة برمجيات', '2026-05-15 21:25:09', 1, 1, 1, 3),
('130005', 'عمار مصطفى المومني', '130005@stu.just.edu.jo', 'hash', 'هندسة برمجيات', '2026-05-15 21:25:09', 1, 1, 1, 3),
('130006', 'رؤى طارق الحديدي', '130006@stu.just.edu.jo', 'hash', 'هندسة برمجيات', '2026-05-15 21:25:09', 1, 1, 1, 3),
('130007', 'سيف نادر العبادي', '130007@stu.just.edu.jo', 'hash', 'هندسة برمجيات', '2026-05-15 21:25:09', 1, 1, 1, 3),
('130008', 'آلاء جمال الكيلاني', '130008@stu.just.edu.jo', 'hash', 'هندسة برمجيات', '2026-05-15 21:25:09', 1, 1, 1, 3),
('130009', 'يحيى باسل البطاينة', '130009@stu.just.edu.jo', 'hash', 'هندسة برمجيات', '2026-05-15 21:25:09', 1, 1, 1, 3),
('130010', 'مروة فؤاد الغرايبة', '130010@stu.just.edu.jo', 'hash', 'هندسة برمجيات', '2026-05-15 21:25:09', 1, 1, 1, 3),
('130011', 'عبدالله حسام الشرمان', '130011@stu.just.edu.jo', 'hash', 'هندسة برمجيات', '2026-05-15 21:25:09', 1, 1, 1, 3),
('130012', 'سلمى محمد العتوم', '130012@stu.just.edu.jo', 'hash', 'هندسة برمجيات', '2026-05-15 21:25:09', 1, 1, 1, 3),
('130013', 'قصي رامي الجراح', '130013@stu.just.edu.jo', 'hash', 'هندسة برمجيات', '2026-05-15 21:25:09', 1, 1, 1, 3),
('130014', 'جوانا سمير النعيمات', '130014@stu.just.edu.jo', 'hash', 'هندسة برمجيات', '2026-05-15 21:25:09', 1, 1, 1, 3),
('130015', 'معتز خليل الطراونة', '130015@stu.just.edu.jo', 'hash', 'هندسة برمجيات', '2026-05-15 21:25:09', 1, 1, 1, 3),
('130016', 'براءة نضال المجالي', '130016@stu.just.edu.jo', 'hash', 'هندسة برمجيات', '2026-05-15 21:25:09', 1, 1, 1, 3),
('130017', 'هاشم وسام الحباشنة', '130017@stu.just.edu.jo', 'hash', 'هندسة برمجيات', '2026-05-15 21:25:09', 1, 1, 1, 3),
('130018', 'شذى جابر العدوان', '130018@stu.just.edu.jo', 'hash', 'هندسة برمجيات', '2026-05-15 21:25:09', 1, 1, 1, 3),
('130019', 'إياد أمير الفايز', '130019@stu.just.edu.jo', 'hash', 'هندسة برمجيات', '2026-05-15 21:25:09', 1, 1, 1, 3),
('130020', 'سندس شادي بني هاني', '130020@stu.just.edu.jo', 'hash', 'هندسة برمجيات', '2026-05-15 21:25:09', 1, 1, 1, 3),
('130021', 'مهند لؤي بني إرشيد', '130021@stu.just.edu.jo', 'hash', 'هندسة برمجيات', '2026-05-15 21:25:09', 1, 1, 1, 3),
('130022', 'غزل راشد الروسان', '130022@stu.just.edu.jo', 'hash', 'هندسة برمجيات', '2026-05-15 21:25:09', 1, 1, 1, 3),
('130023', 'يزيد مراد الشبول', '130023@stu.just.edu.jo', 'hash', 'هندسة برمجيات', '2026-05-15 21:25:09', 1, 1, 1, 3),
('130024', 'سيدرة أكرم العزام', '130024@stu.just.edu.jo', 'hash', 'هندسة برمجيات', '2026-05-15 21:25:09', 1, 1, 1, 3),
('130025', 'حمزة نعيم مقدادي', '130025@stu.just.edu.jo', 'hash', 'هندسة برمجيات', '2026-05-15 21:25:09', 1, 1, 1, 3),
('130026', 'بتول إحسان السعدي', '130026@stu.just.edu.jo', 'hash', 'هندسة برمجيات', '2026-05-15 21:25:09', 1, 1, 1, 3),
('130027', 'ليث مخلص بني عبده', '130027@stu.just.edu.jo', 'hash', 'هندسة برمجيات', '2026-05-15 21:25:09', 1, 1, 1, 3),
('130028', 'شروق عمار القضاة', '130028@stu.just.edu.jo', 'hash', 'هندسة برمجيات', '2026-05-15 21:25:09', 1, 1, 1, 3),
('130029', 'بشار فادي الشقيرات', '130029@stu.just.edu.jo', 'hash', 'هندسة برمجيات', '2026-05-15 21:25:09', 1, 1, 1, 3),
('130030', 'أمل زيد العبابنة', '130030@stu.just.edu.jo', 'hash', 'هندسة برمجيات', '2026-05-15 21:25:09', 1, 1, 1, 3),
('130031', 'محمود غسان الدويري', '130031@stu.just.edu.jo', 'hash', 'هندسة برمجيات', '2026-05-15 21:25:09', 1, 1, 1, 3),
('130032', 'جوري حازم العبيدات', '130032@stu.just.edu.jo', 'hash', 'هندسة برمجيات', '2026-05-15 21:25:09', 1, 1, 1, 3),
('130033', 'نبيل بلال الرواشدة', '130033@stu.just.edu.jo', 'hash', 'هندسة برمجيات', '2026-05-15 21:25:09', 1, 1, 1, 3),
('130034', 'تولين وسيم التميمي', '130034@stu.just.edu.jo', 'hash', 'هندسة برمجيات', '2026-05-15 21:25:09', 1, 1, 1, 3),
('130035', 'صدام رفيق الفريحات', '130035@stu.just.edu.jo', 'hash', 'هندسة برمجيات', '2026-05-15 21:25:09', 1, 1, 1, 3),
('130036', 'شام شادي الزيود', '130036@stu.just.edu.jo', 'hash', 'هندسة برمجيات', '2026-05-15 21:25:09', 1, 1, 1, 3),
('130037', 'عمار صفوان البشتاوي', '130037@stu.just.edu.jo', 'hash', 'هندسة برمجيات', '2026-05-15 21:25:09', 1, 1, 1, 3),
('130038', 'جود جلال الزريقات', '130038@stu.just.edu.jo', 'hash', 'هندسة برمجيات', '2026-05-15 21:25:09', 1, 1, 1, 3),
('130039', 'ريان مالك الصرايرة', '130039@stu.just.edu.jo', 'hash', 'هندسة برمجيات', '2026-05-15 21:25:09', 1, 1, 1, 3),
('130040', 'ميس مروان بني صخر', '130040@stu.just.edu.jo', 'hash', 'هندسة برمجيات', '2026-05-15 21:25:09', 1, 1, 1, 3),
('130041', 'صخر إبراهيم الشوابكة', '130041@stu.just.edu.jo', 'hash', 'هندسة برمجيات', '2026-05-15 21:25:09', 1, 1, 1, 3),
('130042', 'رسل حسام الجبور', '130042@stu.just.edu.jo', 'hash', 'هندسة برمجيات', '2026-05-15 21:25:09', 1, 1, 1, 3),
('130043', 'أيهم رياض العرمان', '130043@stu.just.edu.jo', 'hash', 'هندسة برمجيات', '2026-05-15 21:25:09', 1, 1, 1, 3),
('130044', 'غنى سليمان الطاهات', '130044@stu.just.edu.jo', 'hash', 'هندسة برمجيات', '2026-05-15 21:25:09', 1, 1, 1, 3),
('130045', 'معاذ يونس الحموري', '130045@stu.just.edu.jo', 'hash', 'هندسة برمجيات', '2026-05-15 21:25:09', 1, 1, 1, 3),
('130046', 'حنين جابر الشريدة', '130046@stu.just.edu.jo', 'hash', 'هندسة برمجيات', '2026-05-15 21:25:09', 1, 1, 1, 3),
('130047', 'عدي قاسم الخلايلة', '130047@stu.just.edu.jo', 'hash', 'هندسة برمجيات', '2026-05-15 21:25:09', 1, 1, 1, 3),
('130048', 'إسراء محمود العظامات', '130048@stu.just.edu.jo', 'hash', 'هندسة برمجيات', '2026-05-15 21:25:09', 1, 1, 1, 3),
('130049', 'صلاح نعيم الجعافرة', '130049@stu.just.edu.jo', 'hash', 'هندسة برمجيات', '2026-05-15 21:25:09', 1, 1, 1, 3),
('130050', 'رؤوف إحسان الديات', '130050@stu.just.edu.jo', 'hash', 'هندسة برمجيات', '2026-05-15 21:25:09', 1, 1, 1, 3),
('140001', 'أحمد محمود الخصاونة', '140001@stu.just.edu.jo', 'hash', 'هندسة برمجيات', '2026-05-15 21:25:09', 1, 1, 1, 4),
('140002', 'سارة خالد الزعبي', '140002@stu.just.edu.jo', 'hash', 'هندسة برمجيات', '2026-05-15 21:25:09', 1, 1, 1, 4),
('140003', 'عمر عبدالله العمري', '140003@stu.just.edu.jo', 'hash', 'هندسة برمجيات', '2026-05-15 21:25:09', 1, 1, 1, 4),
('140004', 'ليلى حسن المومني', '140004@stu.just.edu.jo', 'hash', 'هندسة برمجيات', '2026-05-15 21:25:09', 1, 1, 1, 4),
('140005', 'طارق زيد الحديدي', '140005@stu.just.edu.jo', 'hash', 'هندسة برمجيات', '2026-05-15 21:25:09', 1, 1, 1, 4),
('140006', 'نور سامي العبادي', '140006@stu.just.edu.jo', 'hash', 'هندسة برمجيات', '2026-05-15 21:25:09', 1, 1, 1, 4),
('140007', 'يوسف علي الكيلاني', '140007@stu.just.edu.jo', 'hash', 'هندسة برمجيات', '2026-05-15 21:25:09', 1, 1, 1, 4),
('140008', 'ريم فراس البطاينة', '140008@stu.just.edu.jo', 'hash', 'هندسة برمجيات', '2026-05-15 21:25:09', 1, 1, 1, 4),
('140009', 'محمد رائد الغرايبة', '140009@stu.just.edu.jo', 'hash', 'هندسة برمجيات', '2026-05-15 21:25:09', 1, 1, 1, 4),
('140010', 'هند سالم الشرمان', '140010@stu.just.edu.jo', 'hash', 'هندسة برمجيات', '2026-05-15 21:25:09', 1, 1, 1, 4),
('140011', 'خالد يوسف العتوم', '140011@stu.just.edu.jo', 'hash', 'هندسة برمجيات', '2026-05-15 21:25:09', 1, 1, 1, 4),
('140012', 'دينا أمجد الجراح', '140012@stu.just.edu.jo', 'hash', 'هندسة برمجيات', '2026-05-15 21:25:09', 1, 1, 1, 4),
('140013', 'رامي سعيد النعيمات', '140013@stu.just.edu.jo', 'hash', 'هندسة برمجيات', '2026-05-15 21:25:09', 1, 1, 1, 4),
('140014', 'مها جمال الطراونة', '140014@stu.just.edu.jo', 'hash', 'هندسة برمجيات', '2026-05-15 21:25:09', 1, 1, 1, 4),
('140015', 'وليد بشار المجالي', '140015@stu.just.edu.jo', 'hash', 'هندسة برمجيات', '2026-05-15 21:25:09', 1, 1, 1, 4),
('140016', 'زينب هاني الحباشنة', '140016@stu.just.edu.jo', 'hash', 'هندسة برمجيات', '2026-05-15 21:25:09', 1, 1, 1, 4),
('140017', 'بهاء ناصر العدوان', '140017@stu.just.edu.jo', 'hash', 'هندسة برمجيات', '2026-05-15 21:25:09', 1, 1, 1, 4),
('140018', 'شهد مروان الفايز', '140018@stu.just.edu.jo', 'hash', 'هندسة برمجيات', '2026-05-15 21:25:09', 1, 1, 1, 4),
('140019', 'كريم فادي بني هاني', '140019@stu.just.edu.jo', 'hash', 'هندسة برمجيات', '2026-05-15 21:25:09', 1, 1, 1, 4),
('140020', 'رغد عمار بني إرشيد', '140020@stu.just.edu.jo', 'hash', 'هندسة برمجيات', '2026-05-15 21:25:09', 1, 1, 1, 4),
('140021', 'فارس منير الروسان', '140021@stu.just.edu.jo', 'hash', 'هندسة برمجيات', '2026-05-15 21:25:09', 1, 1, 1, 4),
('140022', 'لانا طارق الشبول', '140022@stu.just.edu.jo', 'hash', 'هندسة برمجيات', '2026-05-15 21:25:09', 1, 1, 1, 4),
('140023', 'سامر بهاء العزام', '140023@stu.just.edu.jo', 'hash', 'هندسة برمجيات', '2026-05-15 21:25:09', 1, 1, 1, 4),
('140024', 'آية قصي مقدادي', '140024@stu.just.edu.jo', 'hash', 'هندسة برمجيات', '2026-05-15 21:25:09', 1, 1, 1, 4),
('140025', 'حسام عصام السعدي', '140025@stu.just.edu.jo', 'hash', 'هندسة برمجيات', '2026-05-15 21:25:09', 1, 1, 1, 4),
('140026', 'ندى فواز بني عبده', '140026@stu.just.edu.jo', 'hash', 'هندسة برمجيات', '2026-05-15 21:25:09', 1, 1, 1, 4),
('140027', 'مازن رياض القضاة', '140027@stu.just.edu.jo', 'hash', 'هندسة برمجيات', '2026-05-15 21:25:09', 1, 1, 1, 4),
('140028', 'هالة كمال الشقيرات', '140028@stu.just.edu.jo', 'hash', 'هندسة برمجيات', '2026-05-15 21:25:09', 1, 1, 1, 4),
('140029', 'عصام مجدي العبابنة', '140029@stu.just.edu.jo', 'hash', 'هندسة برمجيات', '2026-05-15 21:25:09', 1, 1, 1, 4),
('140030', 'رؤى نزار الدويري', '140030@stu.just.edu.jo', 'hash', 'هندسة برمجيات', '2026-05-15 21:25:09', 1, 1, 1, 4),
('140031', 'زياد عادل العبيدات', '140031@stu.just.edu.jo', 'hash', 'هندسة برمجيات', '2026-05-15 21:25:09', 1, 1, 1, 4),
('140032', 'جنى بلال الرواشدة', '140032@stu.just.edu.jo', 'hash', 'هندسة برمجيات', '2026-05-15 21:25:09', 1, 1, 1, 4),
('140033', 'وائل خليل التميمي', '140033@stu.just.edu.jo', 'hash', 'هندسة برمجيات', '2026-05-15 21:25:09', 1, 1, 1, 4),
('140034', 'يارا غسان الفريحات', '140034@stu.just.edu.jo', 'hash', 'هندسة برمجيات', '2026-05-15 21:25:09', 1, 1, 1, 4),
('140035', 'قيس حازم الزيود', '140035@stu.just.edu.jo', 'hash', 'هندسة برمجيات', '2026-05-15 21:25:09', 1, 1, 1, 4),
('140036', 'بيسان وسيم البشتاوي', '140036@stu.just.edu.jo', 'hash', 'هندسة برمجيات', '2026-05-15 21:25:09', 1, 1, 1, 4),
('140037', 'همام رفيق الزريقات', '140037@stu.just.edu.jo', 'hash', 'هندسة برمجيات', '2026-05-15 21:25:09', 1, 1, 1, 4),
('140038', 'ميار شادي الصرايرة', '140038@stu.just.edu.jo', 'hash', 'هندسة برمجيات', '2026-05-15 21:25:09', 1, 1, 1, 4),
('140039', 'لؤي صفوان بني صخر', '140039@stu.just.edu.jo', 'hash', 'هندسة برمجيات', '2026-05-15 21:25:09', 1, 1, 1, 4),
('140040', 'سالي جلال الشوابكة', '140040@stu.just.edu.jo', 'hash', 'هندسة برمجيات', '2026-05-15 21:25:09', 1, 1, 1, 4),
('140041', 'وسام ماجد الجبور', '140041@stu.just.edu.jo', 'hash', 'هندسة برمجيات', '2026-05-15 21:25:09', 1, 1, 1, 4),
('140042', 'حلا جمال العرمان', '140042@stu.just.edu.jo', 'hash', 'هندسة برمجيات', '2026-05-15 21:25:09', 1, 1, 1, 4),
('140043', 'يزن إبراهيم الطاهات', '140043@stu.just.edu.jo', 'hash', 'هندسة برمجيات', '2026-05-15 21:25:09', 1, 1, 1, 4),
('140044', 'مرح سليمان الحموري', '140044@stu.just.edu.jo', 'hash', 'هندسة برمجيات', '2026-05-15 21:25:09', 1, 1, 1, 4),
('140045', 'غيث يونس الشريدة', '140045@stu.just.edu.jo', 'hash', 'هندسة برمجيات', '2026-05-15 21:25:09', 1, 1, 1, 4),
('140046', 'رنا جابر الخلايلة', '140046@stu.just.edu.jo', 'hash', 'هندسة برمجيات', '2026-05-15 21:25:09', 1, 1, 1, 4),
('140047', 'فهد قاسم العظامات', '140047@stu.just.edu.jo', 'hash', 'هندسة برمجيات', '2026-05-15 21:25:09', 1, 1, 1, 4),
('140048', 'سوار محمود الجعافرة', '140048@stu.just.edu.jo', 'hash', 'هندسة برمجيات', '2026-05-15 21:25:09', 1, 1, 1, 4),
('140049', 'علاء نعيم الديات', '140049@stu.just.edu.jo', 'hash', 'هندسة برمجيات', '2026-05-15 21:25:09', 1, 1, 1, 4),
('140050', 'لين طلال الرياحنة', '140050@stu.just.edu.jo', 'hash', 'هندسة برمجيات', '2026-05-15 21:25:09', 1, 1, 1, 4),
('154677', 'دانية عارف الزبون', '154677@stu.just.edu.jo', 'hash123', 'هندسة برمجيات', '2026-05-15 21:46:20', 1, 1, 1, 4),
('158138', 'أحمد محمود هزايمة', '158138@stu.just.edu.jo', 'hash123', 'هندسة برمجيات', '2026-05-15 21:46:20', 1, 1, 1, 4),
('158237', 'خالد جمال الخضور', '158237@stu.just.edu.jo', 'hash123', 'هندسة برمجيات', '2026-05-15 21:46:20', 1, 1, 1, 4),
('162972', 'دانا محمد مقابلة', '162972@stu.just.edu.jo', 'hash123', 'هندسة برمجيات', '2026-05-15 21:46:20', 1, 1, 1, 4);

-- --------------------------------------------------------

--
-- Table structure for table `student_notification`
--

CREATE TABLE `student_notification` (
  `id` int(11) NOT NULL,
  `student_id` varchar(20) DEFAULT NULL,
  `message` varchar(255) DEFAULT NULL,
  `is_read` tinyint(1) DEFAULT 0,
  `created_at` timestamp NOT NULL DEFAULT current_timestamp(),
  `is_published` tinyint(1) DEFAULT 0,
  `dept_id` int(11) DEFAULT NULL
) ENGINE=InnoDB DEFAULT CHARSET=utf8mb4 COLLATE=utf8mb4_general_ci;

--
-- Dumping data for table `student_notification`
--

INSERT INTO `student_notification` (`id`, `student_id`, `message`, `is_read`, `created_at`, `is_published`, `dept_id`) VALUES
(1, '110001', 'تنبيه: تم تحديث بيانات الشعبة #1 (الموعد/القاعة/السعة) لمادة (هندسة وتوثيق متطلبات البرمجيات) المتاحة في خطتك.', 0, '2026-05-15 22:00:31', 1, 1),
(2, '110002', 'تنبيه: تم تحديث بيانات الشعبة #1 (الموعد/القاعة/السعة) لمادة (هندسة وتوثيق متطلبات البرمجيات) المتاحة في خطتك.', 0, '2026-05-15 22:00:31', 1, 1),
(3, '110003', 'تنبيه: تم تحديث بيانات الشعبة #1 (الموعد/القاعة/السعة) لمادة (هندسة وتوثيق متطلبات البرمجيات) المتاحة في خطتك.', 0, '2026-05-15 22:00:31', 1, 1),
(4, '110004', 'تنبيه: تم تحديث بيانات الشعبة #1 (الموعد/القاعة/السعة) لمادة (هندسة وتوثيق متطلبات البرمجيات) المتاحة في خطتك.', 0, '2026-05-15 22:00:31', 1, 1),
(5, '110005', 'تنبيه: تم تحديث بيانات الشعبة #1 (الموعد/القاعة/السعة) لمادة (هندسة وتوثيق متطلبات البرمجيات) المتاحة في خطتك.', 0, '2026-05-15 22:00:31', 1, 1),
(6, '110006', 'تنبيه: تم تحديث بيانات الشعبة #1 (الموعد/القاعة/السعة) لمادة (هندسة وتوثيق متطلبات البرمجيات) المتاحة في خطتك.', 0, '2026-05-15 22:00:31', 1, 1),
(7, '110007', 'تنبيه: تم تحديث بيانات الشعبة #1 (الموعد/القاعة/السعة) لمادة (هندسة وتوثيق متطلبات البرمجيات) المتاحة في خطتك.', 0, '2026-05-15 22:00:31', 1, 1),
(8, '110008', 'تنبيه: تم تحديث بيانات الشعبة #1 (الموعد/القاعة/السعة) لمادة (هندسة وتوثيق متطلبات البرمجيات) المتاحة في خطتك.', 0, '2026-05-15 22:00:31', 1, 1),
(9, '110009', 'تنبيه: تم تحديث بيانات الشعبة #1 (الموعد/القاعة/السعة) لمادة (هندسة وتوثيق متطلبات البرمجيات) المتاحة في خطتك.', 0, '2026-05-15 22:00:31', 1, 1),
(10, '110010', 'تنبيه: تم تحديث بيانات الشعبة #1 (الموعد/القاعة/السعة) لمادة (هندسة وتوثيق متطلبات البرمجيات) المتاحة في خطتك.', 0, '2026-05-15 22:00:31', 1, 1),
(11, '110011', 'تنبيه: تم تحديث بيانات الشعبة #1 (الموعد/القاعة/السعة) لمادة (هندسة وتوثيق متطلبات البرمجيات) المتاحة في خطتك.', 0, '2026-05-15 22:00:31', 1, 1),
(12, '110012', 'تنبيه: تم تحديث بيانات الشعبة #1 (الموعد/القاعة/السعة) لمادة (هندسة وتوثيق متطلبات البرمجيات) المتاحة في خطتك.', 0, '2026-05-15 22:00:31', 1, 1),
(13, '110013', 'تنبيه: تم تحديث بيانات الشعبة #1 (الموعد/القاعة/السعة) لمادة (هندسة وتوثيق متطلبات البرمجيات) المتاحة في خطتك.', 0, '2026-05-15 22:00:31', 1, 1),
(14, '110014', 'تنبيه: تم تحديث بيانات الشعبة #1 (الموعد/القاعة/السعة) لمادة (هندسة وتوثيق متطلبات البرمجيات) المتاحة في خطتك.', 0, '2026-05-15 22:00:31', 1, 1),
(15, '110015', 'تنبيه: تم تحديث بيانات الشعبة #1 (الموعد/القاعة/السعة) لمادة (هندسة وتوثيق متطلبات البرمجيات) المتاحة في خطتك.', 0, '2026-05-15 22:00:31', 1, 1),
(16, '110016', 'تنبيه: تم تحديث بيانات الشعبة #1 (الموعد/القاعة/السعة) لمادة (هندسة وتوثيق متطلبات البرمجيات) المتاحة في خطتك.', 0, '2026-05-15 22:00:31', 1, 1),
(17, '110017', 'تنبيه: تم تحديث بيانات الشعبة #1 (الموعد/القاعة/السعة) لمادة (هندسة وتوثيق متطلبات البرمجيات) المتاحة في خطتك.', 0, '2026-05-15 22:00:31', 1, 1),
(18, '110018', 'تنبيه: تم تحديث بيانات الشعبة #1 (الموعد/القاعة/السعة) لمادة (هندسة وتوثيق متطلبات البرمجيات) المتاحة في خطتك.', 0, '2026-05-15 22:00:31', 1, 1),
(19, '110019', 'تنبيه: تم تحديث بيانات الشعبة #1 (الموعد/القاعة/السعة) لمادة (هندسة وتوثيق متطلبات البرمجيات) المتاحة في خطتك.', 0, '2026-05-15 22:00:31', 1, 1),
(20, '110020', 'تنبيه: تم تحديث بيانات الشعبة #1 (الموعد/القاعة/السعة) لمادة (هندسة وتوثيق متطلبات البرمجيات) المتاحة في خطتك.', 0, '2026-05-15 22:00:31', 1, 1),
(21, '110021', 'تنبيه: تم تحديث بيانات الشعبة #1 (الموعد/القاعة/السعة) لمادة (هندسة وتوثيق متطلبات البرمجيات) المتاحة في خطتك.', 0, '2026-05-15 22:00:31', 1, 1),
(22, '110022', 'تنبيه: تم تحديث بيانات الشعبة #1 (الموعد/القاعة/السعة) لمادة (هندسة وتوثيق متطلبات البرمجيات) المتاحة في خطتك.', 0, '2026-05-15 22:00:31', 1, 1),
(23, '110023', 'تنبيه: تم تحديث بيانات الشعبة #1 (الموعد/القاعة/السعة) لمادة (هندسة وتوثيق متطلبات البرمجيات) المتاحة في خطتك.', 0, '2026-05-15 22:00:31', 1, 1),
(24, '110024', 'تنبيه: تم تحديث بيانات الشعبة #1 (الموعد/القاعة/السعة) لمادة (هندسة وتوثيق متطلبات البرمجيات) المتاحة في خطتك.', 0, '2026-05-15 22:00:31', 1, 1),
(25, '110025', 'تنبيه: تم تحديث بيانات الشعبة #1 (الموعد/القاعة/السعة) لمادة (هندسة وتوثيق متطلبات البرمجيات) المتاحة في خطتك.', 0, '2026-05-15 22:00:31', 1, 1),
(26, '110026', 'تنبيه: تم تحديث بيانات الشعبة #1 (الموعد/القاعة/السعة) لمادة (هندسة وتوثيق متطلبات البرمجيات) المتاحة في خطتك.', 0, '2026-05-15 22:00:31', 1, 1),
(27, '110027', 'تنبيه: تم تحديث بيانات الشعبة #1 (الموعد/القاعة/السعة) لمادة (هندسة وتوثيق متطلبات البرمجيات) المتاحة في خطتك.', 0, '2026-05-15 22:00:31', 1, 1),
(28, '110028', 'تنبيه: تم تحديث بيانات الشعبة #1 (الموعد/القاعة/السعة) لمادة (هندسة وتوثيق متطلبات البرمجيات) المتاحة في خطتك.', 0, '2026-05-15 22:00:31', 1, 1),
(29, '110029', 'تنبيه: تم تحديث بيانات الشعبة #1 (الموعد/القاعة/السعة) لمادة (هندسة وتوثيق متطلبات البرمجيات) المتاحة في خطتك.', 0, '2026-05-15 22:00:31', 1, 1),
(30, '110030', 'تنبيه: تم تحديث بيانات الشعبة #1 (الموعد/القاعة/السعة) لمادة (هندسة وتوثيق متطلبات البرمجيات) المتاحة في خطتك.', 0, '2026-05-15 22:00:31', 1, 1),
(31, '110031', 'تنبيه: تم تحديث بيانات الشعبة #1 (الموعد/القاعة/السعة) لمادة (هندسة وتوثيق متطلبات البرمجيات) المتاحة في خطتك.', 0, '2026-05-15 22:00:31', 1, 1),
(32, '110032', 'تنبيه: تم تحديث بيانات الشعبة #1 (الموعد/القاعة/السعة) لمادة (هندسة وتوثيق متطلبات البرمجيات) المتاحة في خطتك.', 0, '2026-05-15 22:00:31', 1, 1),
(33, '110033', 'تنبيه: تم تحديث بيانات الشعبة #1 (الموعد/القاعة/السعة) لمادة (هندسة وتوثيق متطلبات البرمجيات) المتاحة في خطتك.', 0, '2026-05-15 22:00:31', 1, 1),
(34, '110034', 'تنبيه: تم تحديث بيانات الشعبة #1 (الموعد/القاعة/السعة) لمادة (هندسة وتوثيق متطلبات البرمجيات) المتاحة في خطتك.', 0, '2026-05-15 22:00:31', 1, 1),
(35, '110035', 'تنبيه: تم تحديث بيانات الشعبة #1 (الموعد/القاعة/السعة) لمادة (هندسة وتوثيق متطلبات البرمجيات) المتاحة في خطتك.', 0, '2026-05-15 22:00:31', 1, 1),
(36, '110036', 'تنبيه: تم تحديث بيانات الشعبة #1 (الموعد/القاعة/السعة) لمادة (هندسة وتوثيق متطلبات البرمجيات) المتاحة في خطتك.', 0, '2026-05-15 22:00:31', 1, 1),
(37, '110037', 'تنبيه: تم تحديث بيانات الشعبة #1 (الموعد/القاعة/السعة) لمادة (هندسة وتوثيق متطلبات البرمجيات) المتاحة في خطتك.', 0, '2026-05-15 22:00:31', 1, 1),
(38, '110038', 'تنبيه: تم تحديث بيانات الشعبة #1 (الموعد/القاعة/السعة) لمادة (هندسة وتوثيق متطلبات البرمجيات) المتاحة في خطتك.', 0, '2026-05-15 22:00:31', 1, 1),
(39, '110039', 'تنبيه: تم تحديث بيانات الشعبة #1 (الموعد/القاعة/السعة) لمادة (هندسة وتوثيق متطلبات البرمجيات) المتاحة في خطتك.', 0, '2026-05-15 22:00:31', 1, 1),
(40, '110040', 'تنبيه: تم تحديث بيانات الشعبة #1 (الموعد/القاعة/السعة) لمادة (هندسة وتوثيق متطلبات البرمجيات) المتاحة في خطتك.', 0, '2026-05-15 22:00:31', 1, 1),
(41, '110041', 'تنبيه: تم تحديث بيانات الشعبة #1 (الموعد/القاعة/السعة) لمادة (هندسة وتوثيق متطلبات البرمجيات) المتاحة في خطتك.', 0, '2026-05-15 22:00:31', 1, 1),
(42, '110042', 'تنبيه: تم تحديث بيانات الشعبة #1 (الموعد/القاعة/السعة) لمادة (هندسة وتوثيق متطلبات البرمجيات) المتاحة في خطتك.', 0, '2026-05-15 22:00:31', 1, 1),
(43, '110043', 'تنبيه: تم تحديث بيانات الشعبة #1 (الموعد/القاعة/السعة) لمادة (هندسة وتوثيق متطلبات البرمجيات) المتاحة في خطتك.', 0, '2026-05-15 22:00:31', 1, 1),
(44, '110044', 'تنبيه: تم تحديث بيانات الشعبة #1 (الموعد/القاعة/السعة) لمادة (هندسة وتوثيق متطلبات البرمجيات) المتاحة في خطتك.', 0, '2026-05-15 22:00:31', 1, 1),
(45, '110045', 'تنبيه: تم تحديث بيانات الشعبة #1 (الموعد/القاعة/السعة) لمادة (هندسة وتوثيق متطلبات البرمجيات) المتاحة في خطتك.', 0, '2026-05-15 22:00:31', 1, 1),
(46, '110046', 'تنبيه: تم تحديث بيانات الشعبة #1 (الموعد/القاعة/السعة) لمادة (هندسة وتوثيق متطلبات البرمجيات) المتاحة في خطتك.', 0, '2026-05-15 22:00:31', 1, 1),
(47, '110047', 'تنبيه: تم تحديث بيانات الشعبة #1 (الموعد/القاعة/السعة) لمادة (هندسة وتوثيق متطلبات البرمجيات) المتاحة في خطتك.', 0, '2026-05-15 22:00:31', 1, 1),
(48, '110048', 'تنبيه: تم تحديث بيانات الشعبة #1 (الموعد/القاعة/السعة) لمادة (هندسة وتوثيق متطلبات البرمجيات) المتاحة في خطتك.', 0, '2026-05-15 22:00:31', 1, 1),
(49, '110049', 'تنبيه: تم تحديث بيانات الشعبة #1 (الموعد/القاعة/السعة) لمادة (هندسة وتوثيق متطلبات البرمجيات) المتاحة في خطتك.', 0, '2026-05-15 22:00:31', 1, 1),
(50, '110050', 'تنبيه: تم تحديث بيانات الشعبة #1 (الموعد/القاعة/السعة) لمادة (هندسة وتوثيق متطلبات البرمجيات) المتاحة في خطتك.', 0, '2026-05-15 22:00:31', 1, 1),
(51, '120001', 'تنبيه: تم تحديث بيانات الشعبة #1 (الموعد/القاعة/السعة) لمادة (هندسة وتوثيق متطلبات البرمجيات) المتاحة في خطتك.', 0, '2026-05-15 22:00:31', 1, 1),
(52, '120002', 'تنبيه: تم تحديث بيانات الشعبة #1 (الموعد/القاعة/السعة) لمادة (هندسة وتوثيق متطلبات البرمجيات) المتاحة في خطتك.', 0, '2026-05-15 22:00:31', 1, 1),
(53, '120003', 'تنبيه: تم تحديث بيانات الشعبة #1 (الموعد/القاعة/السعة) لمادة (هندسة وتوثيق متطلبات البرمجيات) المتاحة في خطتك.', 0, '2026-05-15 22:00:31', 1, 1),
(54, '120004', 'تنبيه: تم تحديث بيانات الشعبة #1 (الموعد/القاعة/السعة) لمادة (هندسة وتوثيق متطلبات البرمجيات) المتاحة في خطتك.', 0, '2026-05-15 22:00:31', 1, 1),
(55, '120005', 'تنبيه: تم تحديث بيانات الشعبة #1 (الموعد/القاعة/السعة) لمادة (هندسة وتوثيق متطلبات البرمجيات) المتاحة في خطتك.', 0, '2026-05-15 22:00:31', 1, 1),
(56, '120006', 'تنبيه: تم تحديث بيانات الشعبة #1 (الموعد/القاعة/السعة) لمادة (هندسة وتوثيق متطلبات البرمجيات) المتاحة في خطتك.', 0, '2026-05-15 22:00:31', 1, 1),
(57, '120007', 'تنبيه: تم تحديث بيانات الشعبة #1 (الموعد/القاعة/السعة) لمادة (هندسة وتوثيق متطلبات البرمجيات) المتاحة في خطتك.', 0, '2026-05-15 22:00:31', 1, 1),
(58, '120008', 'تنبيه: تم تحديث بيانات الشعبة #1 (الموعد/القاعة/السعة) لمادة (هندسة وتوثيق متطلبات البرمجيات) المتاحة في خطتك.', 0, '2026-05-15 22:00:31', 1, 1),
(59, '120009', 'تنبيه: تم تحديث بيانات الشعبة #1 (الموعد/القاعة/السعة) لمادة (هندسة وتوثيق متطلبات البرمجيات) المتاحة في خطتك.', 0, '2026-05-15 22:00:31', 1, 1),
(60, '120010', 'تنبيه: تم تحديث بيانات الشعبة #1 (الموعد/القاعة/السعة) لمادة (هندسة وتوثيق متطلبات البرمجيات) المتاحة في خطتك.', 0, '2026-05-15 22:00:31', 1, 1),
(61, '120011', 'تنبيه: تم تحديث بيانات الشعبة #1 (الموعد/القاعة/السعة) لمادة (هندسة وتوثيق متطلبات البرمجيات) المتاحة في خطتك.', 0, '2026-05-15 22:00:31', 1, 1),
(62, '120012', 'تنبيه: تم تحديث بيانات الشعبة #1 (الموعد/القاعة/السعة) لمادة (هندسة وتوثيق متطلبات البرمجيات) المتاحة في خطتك.', 0, '2026-05-15 22:00:31', 1, 1),
(63, '120013', 'تنبيه: تم تحديث بيانات الشعبة #1 (الموعد/القاعة/السعة) لمادة (هندسة وتوثيق متطلبات البرمجيات) المتاحة في خطتك.', 0, '2026-05-15 22:00:31', 1, 1),
(64, '120014', 'تنبيه: تم تحديث بيانات الشعبة #1 (الموعد/القاعة/السعة) لمادة (هندسة وتوثيق متطلبات البرمجيات) المتاحة في خطتك.', 0, '2026-05-15 22:00:31', 1, 1),
(65, '120015', 'تنبيه: تم تحديث بيانات الشعبة #1 (الموعد/القاعة/السعة) لمادة (هندسة وتوثيق متطلبات البرمجيات) المتاحة في خطتك.', 0, '2026-05-15 22:00:31', 1, 1),
(66, '120016', 'تنبيه: تم تحديث بيانات الشعبة #1 (الموعد/القاعة/السعة) لمادة (هندسة وتوثيق متطلبات البرمجيات) المتاحة في خطتك.', 0, '2026-05-15 22:00:31', 1, 1),
(67, '120017', 'تنبيه: تم تحديث بيانات الشعبة #1 (الموعد/القاعة/السعة) لمادة (هندسة وتوثيق متطلبات البرمجيات) المتاحة في خطتك.', 0, '2026-05-15 22:00:31', 1, 1),
(68, '120018', 'تنبيه: تم تحديث بيانات الشعبة #1 (الموعد/القاعة/السعة) لمادة (هندسة وتوثيق متطلبات البرمجيات) المتاحة في خطتك.', 0, '2026-05-15 22:00:31', 1, 1),
(69, '120019', 'تنبيه: تم تحديث بيانات الشعبة #1 (الموعد/القاعة/السعة) لمادة (هندسة وتوثيق متطلبات البرمجيات) المتاحة في خطتك.', 0, '2026-05-15 22:00:31', 1, 1),
(70, '120020', 'تنبيه: تم تحديث بيانات الشعبة #1 (الموعد/القاعة/السعة) لمادة (هندسة وتوثيق متطلبات البرمجيات) المتاحة في خطتك.', 0, '2026-05-15 22:00:31', 1, 1),
(71, '120021', 'تنبيه: تم تحديث بيانات الشعبة #1 (الموعد/القاعة/السعة) لمادة (هندسة وتوثيق متطلبات البرمجيات) المتاحة في خطتك.', 0, '2026-05-15 22:00:31', 1, 1),
(72, '120022', 'تنبيه: تم تحديث بيانات الشعبة #1 (الموعد/القاعة/السعة) لمادة (هندسة وتوثيق متطلبات البرمجيات) المتاحة في خطتك.', 0, '2026-05-15 22:00:31', 1, 1),
(73, '120023', 'تنبيه: تم تحديث بيانات الشعبة #1 (الموعد/القاعة/السعة) لمادة (هندسة وتوثيق متطلبات البرمجيات) المتاحة في خطتك.', 0, '2026-05-15 22:00:31', 1, 1),
(74, '120024', 'تنبيه: تم تحديث بيانات الشعبة #1 (الموعد/القاعة/السعة) لمادة (هندسة وتوثيق متطلبات البرمجيات) المتاحة في خطتك.', 0, '2026-05-15 22:00:31', 1, 1),
(75, '120025', 'تنبيه: تم تحديث بيانات الشعبة #1 (الموعد/القاعة/السعة) لمادة (هندسة وتوثيق متطلبات البرمجيات) المتاحة في خطتك.', 0, '2026-05-15 22:00:31', 1, 1),
(76, '120026', 'تنبيه: تم تحديث بيانات الشعبة #1 (الموعد/القاعة/السعة) لمادة (هندسة وتوثيق متطلبات البرمجيات) المتاحة في خطتك.', 0, '2026-05-15 22:00:31', 1, 1),
(77, '120027', 'تنبيه: تم تحديث بيانات الشعبة #1 (الموعد/القاعة/السعة) لمادة (هندسة وتوثيق متطلبات البرمجيات) المتاحة في خطتك.', 0, '2026-05-15 22:00:31', 1, 1),
(78, '120028', 'تنبيه: تم تحديث بيانات الشعبة #1 (الموعد/القاعة/السعة) لمادة (هندسة وتوثيق متطلبات البرمجيات) المتاحة في خطتك.', 0, '2026-05-15 22:00:31', 1, 1),
(79, '120029', 'تنبيه: تم تحديث بيانات الشعبة #1 (الموعد/القاعة/السعة) لمادة (هندسة وتوثيق متطلبات البرمجيات) المتاحة في خطتك.', 0, '2026-05-15 22:00:31', 1, 1),
(80, '120030', 'تنبيه: تم تحديث بيانات الشعبة #1 (الموعد/القاعة/السعة) لمادة (هندسة وتوثيق متطلبات البرمجيات) المتاحة في خطتك.', 0, '2026-05-15 22:00:31', 1, 1),
(81, '120031', 'تنبيه: تم تحديث بيانات الشعبة #1 (الموعد/القاعة/السعة) لمادة (هندسة وتوثيق متطلبات البرمجيات) المتاحة في خطتك.', 0, '2026-05-15 22:00:31', 1, 1),
(82, '120032', 'تنبيه: تم تحديث بيانات الشعبة #1 (الموعد/القاعة/السعة) لمادة (هندسة وتوثيق متطلبات البرمجيات) المتاحة في خطتك.', 0, '2026-05-15 22:00:31', 1, 1),
(83, '120033', 'تنبيه: تم تحديث بيانات الشعبة #1 (الموعد/القاعة/السعة) لمادة (هندسة وتوثيق متطلبات البرمجيات) المتاحة في خطتك.', 0, '2026-05-15 22:00:31', 1, 1),
(84, '120034', 'تنبيه: تم تحديث بيانات الشعبة #1 (الموعد/القاعة/السعة) لمادة (هندسة وتوثيق متطلبات البرمجيات) المتاحة في خطتك.', 0, '2026-05-15 22:00:31', 1, 1),
(85, '120035', 'تنبيه: تم تحديث بيانات الشعبة #1 (الموعد/القاعة/السعة) لمادة (هندسة وتوثيق متطلبات البرمجيات) المتاحة في خطتك.', 0, '2026-05-15 22:00:31', 1, 1),
(86, '120036', 'تنبيه: تم تحديث بيانات الشعبة #1 (الموعد/القاعة/السعة) لمادة (هندسة وتوثيق متطلبات البرمجيات) المتاحة في خطتك.', 0, '2026-05-15 22:00:31', 1, 1),
(87, '120037', 'تنبيه: تم تحديث بيانات الشعبة #1 (الموعد/القاعة/السعة) لمادة (هندسة وتوثيق متطلبات البرمجيات) المتاحة في خطتك.', 0, '2026-05-15 22:00:31', 1, 1),
(88, '120038', 'تنبيه: تم تحديث بيانات الشعبة #1 (الموعد/القاعة/السعة) لمادة (هندسة وتوثيق متطلبات البرمجيات) المتاحة في خطتك.', 0, '2026-05-15 22:00:31', 1, 1),
(89, '120039', 'تنبيه: تم تحديث بيانات الشعبة #1 (الموعد/القاعة/السعة) لمادة (هندسة وتوثيق متطلبات البرمجيات) المتاحة في خطتك.', 0, '2026-05-15 22:00:31', 1, 1),
(90, '120040', 'تنبيه: تم تحديث بيانات الشعبة #1 (الموعد/القاعة/السعة) لمادة (هندسة وتوثيق متطلبات البرمجيات) المتاحة في خطتك.', 0, '2026-05-15 22:00:31', 1, 1),
(91, '120041', 'تنبيه: تم تحديث بيانات الشعبة #1 (الموعد/القاعة/السعة) لمادة (هندسة وتوثيق متطلبات البرمجيات) المتاحة في خطتك.', 0, '2026-05-15 22:00:31', 1, 1),
(92, '120042', 'تنبيه: تم تحديث بيانات الشعبة #1 (الموعد/القاعة/السعة) لمادة (هندسة وتوثيق متطلبات البرمجيات) المتاحة في خطتك.', 0, '2026-05-15 22:00:31', 1, 1),
(93, '120043', 'تنبيه: تم تحديث بيانات الشعبة #1 (الموعد/القاعة/السعة) لمادة (هندسة وتوثيق متطلبات البرمجيات) المتاحة في خطتك.', 0, '2026-05-15 22:00:31', 1, 1),
(94, '120044', 'تنبيه: تم تحديث بيانات الشعبة #1 (الموعد/القاعة/السعة) لمادة (هندسة وتوثيق متطلبات البرمجيات) المتاحة في خطتك.', 0, '2026-05-15 22:00:31', 1, 1),
(95, '120045', 'تنبيه: تم تحديث بيانات الشعبة #1 (الموعد/القاعة/السعة) لمادة (هندسة وتوثيق متطلبات البرمجيات) المتاحة في خطتك.', 0, '2026-05-15 22:00:31', 1, 1),
(96, '120046', 'تنبيه: تم تحديث بيانات الشعبة #1 (الموعد/القاعة/السعة) لمادة (هندسة وتوثيق متطلبات البرمجيات) المتاحة في خطتك.', 0, '2026-05-15 22:00:31', 1, 1),
(97, '120047', 'تنبيه: تم تحديث بيانات الشعبة #1 (الموعد/القاعة/السعة) لمادة (هندسة وتوثيق متطلبات البرمجيات) المتاحة في خطتك.', 0, '2026-05-15 22:00:31', 1, 1),
(98, '120048', 'تنبيه: تم تحديث بيانات الشعبة #1 (الموعد/القاعة/السعة) لمادة (هندسة وتوثيق متطلبات البرمجيات) المتاحة في خطتك.', 0, '2026-05-15 22:00:31', 1, 1),
(99, '120049', 'تنبيه: تم تحديث بيانات الشعبة #1 (الموعد/القاعة/السعة) لمادة (هندسة وتوثيق متطلبات البرمجيات) المتاحة في خطتك.', 0, '2026-05-15 22:00:31', 1, 1),
(100, '120050', 'تنبيه: تم تحديث بيانات الشعبة #1 (الموعد/القاعة/السعة) لمادة (هندسة وتوثيق متطلبات البرمجيات) المتاحة في خطتك.', 0, '2026-05-15 22:00:31', 1, 1),
(101, '130001', 'تنبيه: تم تحديث بيانات الشعبة #1 (الموعد/القاعة/السعة) لمادة (هندسة وتوثيق متطلبات البرمجيات) المتاحة في خطتك.', 0, '2026-05-15 22:00:31', 1, 1),
(102, '130002', 'تنبيه: تم تحديث بيانات الشعبة #1 (الموعد/القاعة/السعة) لمادة (هندسة وتوثيق متطلبات البرمجيات) المتاحة في خطتك.', 0, '2026-05-15 22:00:31', 1, 1),
(103, '130003', 'تنبيه: تم تحديث بيانات الشعبة #1 (الموعد/القاعة/السعة) لمادة (هندسة وتوثيق متطلبات البرمجيات) المتاحة في خطتك.', 0, '2026-05-15 22:00:31', 1, 1),
(104, '130004', 'تنبيه: تم تحديث بيانات الشعبة #1 (الموعد/القاعة/السعة) لمادة (هندسة وتوثيق متطلبات البرمجيات) المتاحة في خطتك.', 0, '2026-05-15 22:00:31', 1, 1),
(105, '130005', 'تنبيه: تم تحديث بيانات الشعبة #1 (الموعد/القاعة/السعة) لمادة (هندسة وتوثيق متطلبات البرمجيات) المتاحة في خطتك.', 0, '2026-05-15 22:00:31', 1, 1),
(106, '130006', 'تنبيه: تم تحديث بيانات الشعبة #1 (الموعد/القاعة/السعة) لمادة (هندسة وتوثيق متطلبات البرمجيات) المتاحة في خطتك.', 0, '2026-05-15 22:00:31', 1, 1),
(107, '130007', 'تنبيه: تم تحديث بيانات الشعبة #1 (الموعد/القاعة/السعة) لمادة (هندسة وتوثيق متطلبات البرمجيات) المتاحة في خطتك.', 0, '2026-05-15 22:00:31', 1, 1),
(108, '130008', 'تنبيه: تم تحديث بيانات الشعبة #1 (الموعد/القاعة/السعة) لمادة (هندسة وتوثيق متطلبات البرمجيات) المتاحة في خطتك.', 0, '2026-05-15 22:00:31', 1, 1),
(109, '130009', 'تنبيه: تم تحديث بيانات الشعبة #1 (الموعد/القاعة/السعة) لمادة (هندسة وتوثيق متطلبات البرمجيات) المتاحة في خطتك.', 0, '2026-05-15 22:00:31', 1, 1),
(110, '130010', 'تنبيه: تم تحديث بيانات الشعبة #1 (الموعد/القاعة/السعة) لمادة (هندسة وتوثيق متطلبات البرمجيات) المتاحة في خطتك.', 0, '2026-05-15 22:00:31', 1, 1),
(111, '130011', 'تنبيه: تم تحديث بيانات الشعبة #1 (الموعد/القاعة/السعة) لمادة (هندسة وتوثيق متطلبات البرمجيات) المتاحة في خطتك.', 0, '2026-05-15 22:00:31', 1, 1),
(112, '130012', 'تنبيه: تم تحديث بيانات الشعبة #1 (الموعد/القاعة/السعة) لمادة (هندسة وتوثيق متطلبات البرمجيات) المتاحة في خطتك.', 0, '2026-05-15 22:00:31', 1, 1),
(113, '130013', 'تنبيه: تم تحديث بيانات الشعبة #1 (الموعد/القاعة/السعة) لمادة (هندسة وتوثيق متطلبات البرمجيات) المتاحة في خطتك.', 0, '2026-05-15 22:00:31', 1, 1),
(114, '130014', 'تنبيه: تم تحديث بيانات الشعبة #1 (الموعد/القاعة/السعة) لمادة (هندسة وتوثيق متطلبات البرمجيات) المتاحة في خطتك.', 0, '2026-05-15 22:00:31', 1, 1),
(115, '130015', 'تنبيه: تم تحديث بيانات الشعبة #1 (الموعد/القاعة/السعة) لمادة (هندسة وتوثيق متطلبات البرمجيات) المتاحة في خطتك.', 0, '2026-05-15 22:00:31', 1, 1),
(116, '130016', 'تنبيه: تم تحديث بيانات الشعبة #1 (الموعد/القاعة/السعة) لمادة (هندسة وتوثيق متطلبات البرمجيات) المتاحة في خطتك.', 0, '2026-05-15 22:00:31', 1, 1),
(117, '130017', 'تنبيه: تم تحديث بيانات الشعبة #1 (الموعد/القاعة/السعة) لمادة (هندسة وتوثيق متطلبات البرمجيات) المتاحة في خطتك.', 0, '2026-05-15 22:00:31', 1, 1),
(118, '130018', 'تنبيه: تم تحديث بيانات الشعبة #1 (الموعد/القاعة/السعة) لمادة (هندسة وتوثيق متطلبات البرمجيات) المتاحة في خطتك.', 0, '2026-05-15 22:00:31', 1, 1),
(119, '130019', 'تنبيه: تم تحديث بيانات الشعبة #1 (الموعد/القاعة/السعة) لمادة (هندسة وتوثيق متطلبات البرمجيات) المتاحة في خطتك.', 0, '2026-05-15 22:00:31', 1, 1),
(120, '130020', 'تنبيه: تم تحديث بيانات الشعبة #1 (الموعد/القاعة/السعة) لمادة (هندسة وتوثيق متطلبات البرمجيات) المتاحة في خطتك.', 0, '2026-05-15 22:00:31', 1, 1),
(121, '130021', 'تنبيه: تم تحديث بيانات الشعبة #1 (الموعد/القاعة/السعة) لمادة (هندسة وتوثيق متطلبات البرمجيات) المتاحة في خطتك.', 0, '2026-05-15 22:00:31', 1, 1),
(122, '130022', 'تنبيه: تم تحديث بيانات الشعبة #1 (الموعد/القاعة/السعة) لمادة (هندسة وتوثيق متطلبات البرمجيات) المتاحة في خطتك.', 0, '2026-05-15 22:00:31', 1, 1),
(123, '130023', 'تنبيه: تم تحديث بيانات الشعبة #1 (الموعد/القاعة/السعة) لمادة (هندسة وتوثيق متطلبات البرمجيات) المتاحة في خطتك.', 0, '2026-05-15 22:00:31', 1, 1),
(124, '130024', 'تنبيه: تم تحديث بيانات الشعبة #1 (الموعد/القاعة/السعة) لمادة (هندسة وتوثيق متطلبات البرمجيات) المتاحة في خطتك.', 0, '2026-05-15 22:00:31', 1, 1),
(125, '130025', 'تنبيه: تم تحديث بيانات الشعبة #1 (الموعد/القاعة/السعة) لمادة (هندسة وتوثيق متطلبات البرمجيات) المتاحة في خطتك.', 0, '2026-05-15 22:00:31', 1, 1),
(126, '130026', 'تنبيه: تم تحديث بيانات الشعبة #1 (الموعد/القاعة/السعة) لمادة (هندسة وتوثيق متطلبات البرمجيات) المتاحة في خطتك.', 0, '2026-05-15 22:00:31', 1, 1),
(127, '130027', 'تنبيه: تم تحديث بيانات الشعبة #1 (الموعد/القاعة/السعة) لمادة (هندسة وتوثيق متطلبات البرمجيات) المتاحة في خطتك.', 0, '2026-05-15 22:00:31', 1, 1),
(128, '130028', 'تنبيه: تم تحديث بيانات الشعبة #1 (الموعد/القاعة/السعة) لمادة (هندسة وتوثيق متطلبات البرمجيات) المتاحة في خطتك.', 0, '2026-05-15 22:00:31', 1, 1),
(129, '130029', 'تنبيه: تم تحديث بيانات الشعبة #1 (الموعد/القاعة/السعة) لمادة (هندسة وتوثيق متطلبات البرمجيات) المتاحة في خطتك.', 0, '2026-05-15 22:00:31', 1, 1),
(130, '130030', 'تنبيه: تم تحديث بيانات الشعبة #1 (الموعد/القاعة/السعة) لمادة (هندسة وتوثيق متطلبات البرمجيات) المتاحة في خطتك.', 0, '2026-05-15 22:00:31', 1, 1),
(131, '130031', 'تنبيه: تم تحديث بيانات الشعبة #1 (الموعد/القاعة/السعة) لمادة (هندسة وتوثيق متطلبات البرمجيات) المتاحة في خطتك.', 0, '2026-05-15 22:00:31', 1, 1),
(132, '130032', 'تنبيه: تم تحديث بيانات الشعبة #1 (الموعد/القاعة/السعة) لمادة (هندسة وتوثيق متطلبات البرمجيات) المتاحة في خطتك.', 0, '2026-05-15 22:00:31', 1, 1),
(133, '130033', 'تنبيه: تم تحديث بيانات الشعبة #1 (الموعد/القاعة/السعة) لمادة (هندسة وتوثيق متطلبات البرمجيات) المتاحة في خطتك.', 0, '2026-05-15 22:00:31', 1, 1),
(134, '130034', 'تنبيه: تم تحديث بيانات الشعبة #1 (الموعد/القاعة/السعة) لمادة (هندسة وتوثيق متطلبات البرمجيات) المتاحة في خطتك.', 0, '2026-05-15 22:00:31', 1, 1),
(135, '130035', 'تنبيه: تم تحديث بيانات الشعبة #1 (الموعد/القاعة/السعة) لمادة (هندسة وتوثيق متطلبات البرمجيات) المتاحة في خطتك.', 0, '2026-05-15 22:00:31', 1, 1),
(136, '130036', 'تنبيه: تم تحديث بيانات الشعبة #1 (الموعد/القاعة/السعة) لمادة (هندسة وتوثيق متطلبات البرمجيات) المتاحة في خطتك.', 0, '2026-05-15 22:00:31', 1, 1),
(137, '130037', 'تنبيه: تم تحديث بيانات الشعبة #1 (الموعد/القاعة/السعة) لمادة (هندسة وتوثيق متطلبات البرمجيات) المتاحة في خطتك.', 0, '2026-05-15 22:00:31', 1, 1),
(138, '130038', 'تنبيه: تم تحديث بيانات الشعبة #1 (الموعد/القاعة/السعة) لمادة (هندسة وتوثيق متطلبات البرمجيات) المتاحة في خطتك.', 0, '2026-05-15 22:00:31', 1, 1),
(139, '130039', 'تنبيه: تم تحديث بيانات الشعبة #1 (الموعد/القاعة/السعة) لمادة (هندسة وتوثيق متطلبات البرمجيات) المتاحة في خطتك.', 0, '2026-05-15 22:00:31', 1, 1),
(140, '130040', 'تنبيه: تم تحديث بيانات الشعبة #1 (الموعد/القاعة/السعة) لمادة (هندسة وتوثيق متطلبات البرمجيات) المتاحة في خطتك.', 0, '2026-05-15 22:00:31', 1, 1),
(141, '130041', 'تنبيه: تم تحديث بيانات الشعبة #1 (الموعد/القاعة/السعة) لمادة (هندسة وتوثيق متطلبات البرمجيات) المتاحة في خطتك.', 0, '2026-05-15 22:00:31', 1, 1),
(142, '130042', 'تنبيه: تم تحديث بيانات الشعبة #1 (الموعد/القاعة/السعة) لمادة (هندسة وتوثيق متطلبات البرمجيات) المتاحة في خطتك.', 0, '2026-05-15 22:00:31', 1, 1),
(143, '130043', 'تنبيه: تم تحديث بيانات الشعبة #1 (الموعد/القاعة/السعة) لمادة (هندسة وتوثيق متطلبات البرمجيات) المتاحة في خطتك.', 0, '2026-05-15 22:00:31', 1, 1),
(144, '130044', 'تنبيه: تم تحديث بيانات الشعبة #1 (الموعد/القاعة/السعة) لمادة (هندسة وتوثيق متطلبات البرمجيات) المتاحة في خطتك.', 0, '2026-05-15 22:00:31', 1, 1),
(145, '130045', 'تنبيه: تم تحديث بيانات الشعبة #1 (الموعد/القاعة/السعة) لمادة (هندسة وتوثيق متطلبات البرمجيات) المتاحة في خطتك.', 0, '2026-05-15 22:00:31', 1, 1),
(146, '130046', 'تنبيه: تم تحديث بيانات الشعبة #1 (الموعد/القاعة/السعة) لمادة (هندسة وتوثيق متطلبات البرمجيات) المتاحة في خطتك.', 0, '2026-05-15 22:00:31', 1, 1),
(147, '130047', 'تنبيه: تم تحديث بيانات الشعبة #1 (الموعد/القاعة/السعة) لمادة (هندسة وتوثيق متطلبات البرمجيات) المتاحة في خطتك.', 0, '2026-05-15 22:00:31', 1, 1),
(148, '130048', 'تنبيه: تم تحديث بيانات الشعبة #1 (الموعد/القاعة/السعة) لمادة (هندسة وتوثيق متطلبات البرمجيات) المتاحة في خطتك.', 0, '2026-05-15 22:00:31', 1, 1),
(149, '130049', 'تنبيه: تم تحديث بيانات الشعبة #1 (الموعد/القاعة/السعة) لمادة (هندسة وتوثيق متطلبات البرمجيات) المتاحة في خطتك.', 0, '2026-05-15 22:00:31', 1, 1),
(150, '130050', 'تنبيه: تم تحديث بيانات الشعبة #1 (الموعد/القاعة/السعة) لمادة (هندسة وتوثيق متطلبات البرمجيات) المتاحة في خطتك.', 0, '2026-05-15 22:00:31', 1, 1),
(151, '140001', 'تنبيه: تم تحديث بيانات الشعبة #1 (الموعد/القاعة/السعة) لمادة (هندسة وتوثيق متطلبات البرمجيات) المتاحة في خطتك.', 0, '2026-05-15 22:00:31', 1, 1),
(152, '140002', 'تنبيه: تم تحديث بيانات الشعبة #1 (الموعد/القاعة/السعة) لمادة (هندسة وتوثيق متطلبات البرمجيات) المتاحة في خطتك.', 0, '2026-05-15 22:00:31', 1, 1),
(153, '140003', 'تنبيه: تم تحديث بيانات الشعبة #1 (الموعد/القاعة/السعة) لمادة (هندسة وتوثيق متطلبات البرمجيات) المتاحة في خطتك.', 0, '2026-05-15 22:00:31', 1, 1),
(154, '140004', 'تنبيه: تم تحديث بيانات الشعبة #1 (الموعد/القاعة/السعة) لمادة (هندسة وتوثيق متطلبات البرمجيات) المتاحة في خطتك.', 0, '2026-05-15 22:00:31', 1, 1),
(155, '140005', 'تنبيه: تم تحديث بيانات الشعبة #1 (الموعد/القاعة/السعة) لمادة (هندسة وتوثيق متطلبات البرمجيات) المتاحة في خطتك.', 0, '2026-05-15 22:00:31', 1, 1),
(156, '140006', 'تنبيه: تم تحديث بيانات الشعبة #1 (الموعد/القاعة/السعة) لمادة (هندسة وتوثيق متطلبات البرمجيات) المتاحة في خطتك.', 0, '2026-05-15 22:00:31', 1, 1),
(157, '140007', 'تنبيه: تم تحديث بيانات الشعبة #1 (الموعد/القاعة/السعة) لمادة (هندسة وتوثيق متطلبات البرمجيات) المتاحة في خطتك.', 0, '2026-05-15 22:00:31', 1, 1),
(158, '140008', 'تنبيه: تم تحديث بيانات الشعبة #1 (الموعد/القاعة/السعة) لمادة (هندسة وتوثيق متطلبات البرمجيات) المتاحة في خطتك.', 0, '2026-05-15 22:00:31', 1, 1),
(159, '140009', 'تنبيه: تم تحديث بيانات الشعبة #1 (الموعد/القاعة/السعة) لمادة (هندسة وتوثيق متطلبات البرمجيات) المتاحة في خطتك.', 0, '2026-05-15 22:00:31', 1, 1),
(160, '140010', 'تنبيه: تم تحديث بيانات الشعبة #1 (الموعد/القاعة/السعة) لمادة (هندسة وتوثيق متطلبات البرمجيات) المتاحة في خطتك.', 0, '2026-05-15 22:00:31', 1, 1),
(161, '140011', 'تنبيه: تم تحديث بيانات الشعبة #1 (الموعد/القاعة/السعة) لمادة (هندسة وتوثيق متطلبات البرمجيات) المتاحة في خطتك.', 0, '2026-05-15 22:00:31', 1, 1),
(162, '140012', 'تنبيه: تم تحديث بيانات الشعبة #1 (الموعد/القاعة/السعة) لمادة (هندسة وتوثيق متطلبات البرمجيات) المتاحة في خطتك.', 0, '2026-05-15 22:00:31', 1, 1),
(163, '140013', 'تنبيه: تم تحديث بيانات الشعبة #1 (الموعد/القاعة/السعة) لمادة (هندسة وتوثيق متطلبات البرمجيات) المتاحة في خطتك.', 0, '2026-05-15 22:00:31', 1, 1),
(164, '140014', 'تنبيه: تم تحديث بيانات الشعبة #1 (الموعد/القاعة/السعة) لمادة (هندسة وتوثيق متطلبات البرمجيات) المتاحة في خطتك.', 0, '2026-05-15 22:00:31', 1, 1),
(165, '140015', 'تنبيه: تم تحديث بيانات الشعبة #1 (الموعد/القاعة/السعة) لمادة (هندسة وتوثيق متطلبات البرمجيات) المتاحة في خطتك.', 0, '2026-05-15 22:00:31', 1, 1),
(166, '140016', 'تنبيه: تم تحديث بيانات الشعبة #1 (الموعد/القاعة/السعة) لمادة (هندسة وتوثيق متطلبات البرمجيات) المتاحة في خطتك.', 0, '2026-05-15 22:00:31', 1, 1),
(167, '140017', 'تنبيه: تم تحديث بيانات الشعبة #1 (الموعد/القاعة/السعة) لمادة (هندسة وتوثيق متطلبات البرمجيات) المتاحة في خطتك.', 0, '2026-05-15 22:00:31', 1, 1),
(168, '140018', 'تنبيه: تم تحديث بيانات الشعبة #1 (الموعد/القاعة/السعة) لمادة (هندسة وتوثيق متطلبات البرمجيات) المتاحة في خطتك.', 0, '2026-05-15 22:00:31', 1, 1),
(169, '140019', 'تنبيه: تم تحديث بيانات الشعبة #1 (الموعد/القاعة/السعة) لمادة (هندسة وتوثيق متطلبات البرمجيات) المتاحة في خطتك.', 0, '2026-05-15 22:00:31', 1, 1),
(170, '140020', 'تنبيه: تم تحديث بيانات الشعبة #1 (الموعد/القاعة/السعة) لمادة (هندسة وتوثيق متطلبات البرمجيات) المتاحة في خطتك.', 0, '2026-05-15 22:00:31', 1, 1),
(171, '140021', 'تنبيه: تم تحديث بيانات الشعبة #1 (الموعد/القاعة/السعة) لمادة (هندسة وتوثيق متطلبات البرمجيات) المتاحة في خطتك.', 0, '2026-05-15 22:00:31', 1, 1),
(172, '140022', 'تنبيه: تم تحديث بيانات الشعبة #1 (الموعد/القاعة/السعة) لمادة (هندسة وتوثيق متطلبات البرمجيات) المتاحة في خطتك.', 0, '2026-05-15 22:00:31', 1, 1),
(173, '140023', 'تنبيه: تم تحديث بيانات الشعبة #1 (الموعد/القاعة/السعة) لمادة (هندسة وتوثيق متطلبات البرمجيات) المتاحة في خطتك.', 0, '2026-05-15 22:00:31', 1, 1),
(174, '140024', 'تنبيه: تم تحديث بيانات الشعبة #1 (الموعد/القاعة/السعة) لمادة (هندسة وتوثيق متطلبات البرمجيات) المتاحة في خطتك.', 0, '2026-05-15 22:00:31', 1, 1),
(175, '140025', 'تنبيه: تم تحديث بيانات الشعبة #1 (الموعد/القاعة/السعة) لمادة (هندسة وتوثيق متطلبات البرمجيات) المتاحة في خطتك.', 0, '2026-05-15 22:00:31', 1, 1),
(176, '140026', 'تنبيه: تم تحديث بيانات الشعبة #1 (الموعد/القاعة/السعة) لمادة (هندسة وتوثيق متطلبات البرمجيات) المتاحة في خطتك.', 0, '2026-05-15 22:00:31', 1, 1),
(177, '140027', 'تنبيه: تم تحديث بيانات الشعبة #1 (الموعد/القاعة/السعة) لمادة (هندسة وتوثيق متطلبات البرمجيات) المتاحة في خطتك.', 0, '2026-05-15 22:00:31', 1, 1),
(178, '140028', 'تنبيه: تم تحديث بيانات الشعبة #1 (الموعد/القاعة/السعة) لمادة (هندسة وتوثيق متطلبات البرمجيات) المتاحة في خطتك.', 0, '2026-05-15 22:00:31', 1, 1),
(179, '140029', 'تنبيه: تم تحديث بيانات الشعبة #1 (الموعد/القاعة/السعة) لمادة (هندسة وتوثيق متطلبات البرمجيات) المتاحة في خطتك.', 0, '2026-05-15 22:00:31', 1, 1),
(180, '140030', 'تنبيه: تم تحديث بيانات الشعبة #1 (الموعد/القاعة/السعة) لمادة (هندسة وتوثيق متطلبات البرمجيات) المتاحة في خطتك.', 0, '2026-05-15 22:00:31', 1, 1),
(181, '140031', 'تنبيه: تم تحديث بيانات الشعبة #1 (الموعد/القاعة/السعة) لمادة (هندسة وتوثيق متطلبات البرمجيات) المتاحة في خطتك.', 0, '2026-05-15 22:00:31', 1, 1),
(182, '140032', 'تنبيه: تم تحديث بيانات الشعبة #1 (الموعد/القاعة/السعة) لمادة (هندسة وتوثيق متطلبات البرمجيات) المتاحة في خطتك.', 0, '2026-05-15 22:00:31', 1, 1),
(183, '140033', 'تنبيه: تم تحديث بيانات الشعبة #1 (الموعد/القاعة/السعة) لمادة (هندسة وتوثيق متطلبات البرمجيات) المتاحة في خطتك.', 0, '2026-05-15 22:00:31', 1, 1),
(184, '140034', 'تنبيه: تم تحديث بيانات الشعبة #1 (الموعد/القاعة/السعة) لمادة (هندسة وتوثيق متطلبات البرمجيات) المتاحة في خطتك.', 0, '2026-05-15 22:00:31', 1, 1),
(185, '140035', 'تنبيه: تم تحديث بيانات الشعبة #1 (الموعد/القاعة/السعة) لمادة (هندسة وتوثيق متطلبات البرمجيات) المتاحة في خطتك.', 0, '2026-05-15 22:00:31', 1, 1),
(186, '140036', 'تنبيه: تم تحديث بيانات الشعبة #1 (الموعد/القاعة/السعة) لمادة (هندسة وتوثيق متطلبات البرمجيات) المتاحة في خطتك.', 0, '2026-05-15 22:00:31', 1, 1),
(187, '140037', 'تنبيه: تم تحديث بيانات الشعبة #1 (الموعد/القاعة/السعة) لمادة (هندسة وتوثيق متطلبات البرمجيات) المتاحة في خطتك.', 0, '2026-05-15 22:00:31', 1, 1),
(188, '140038', 'تنبيه: تم تحديث بيانات الشعبة #1 (الموعد/القاعة/السعة) لمادة (هندسة وتوثيق متطلبات البرمجيات) المتاحة في خطتك.', 0, '2026-05-15 22:00:31', 1, 1),
(189, '140039', 'تنبيه: تم تحديث بيانات الشعبة #1 (الموعد/القاعة/السعة) لمادة (هندسة وتوثيق متطلبات البرمجيات) المتاحة في خطتك.', 0, '2026-05-15 22:00:31', 1, 1),
(190, '140040', 'تنبيه: تم تحديث بيانات الشعبة #1 (الموعد/القاعة/السعة) لمادة (هندسة وتوثيق متطلبات البرمجيات) المتاحة في خطتك.', 0, '2026-05-15 22:00:31', 1, 1),
(191, '140041', 'تنبيه: تم تحديث بيانات الشعبة #1 (الموعد/القاعة/السعة) لمادة (هندسة وتوثيق متطلبات البرمجيات) المتاحة في خطتك.', 0, '2026-05-15 22:00:31', 1, 1),
(192, '140042', 'تنبيه: تم تحديث بيانات الشعبة #1 (الموعد/القاعة/السعة) لمادة (هندسة وتوثيق متطلبات البرمجيات) المتاحة في خطتك.', 0, '2026-05-15 22:00:31', 1, 1),
(193, '140043', 'تنبيه: تم تحديث بيانات الشعبة #1 (الموعد/القاعة/السعة) لمادة (هندسة وتوثيق متطلبات البرمجيات) المتاحة في خطتك.', 0, '2026-05-15 22:00:31', 1, 1),
(194, '140044', 'تنبيه: تم تحديث بيانات الشعبة #1 (الموعد/القاعة/السعة) لمادة (هندسة وتوثيق متطلبات البرمجيات) المتاحة في خطتك.', 0, '2026-05-15 22:00:31', 1, 1),
(195, '140045', 'تنبيه: تم تحديث بيانات الشعبة #1 (الموعد/القاعة/السعة) لمادة (هندسة وتوثيق متطلبات البرمجيات) المتاحة في خطتك.', 0, '2026-05-15 22:00:31', 1, 1),
(196, '140046', 'تنبيه: تم تحديث بيانات الشعبة #1 (الموعد/القاعة/السعة) لمادة (هندسة وتوثيق متطلبات البرمجيات) المتاحة في خطتك.', 0, '2026-05-15 22:00:31', 1, 1),
(197, '140047', 'تنبيه: تم تحديث بيانات الشعبة #1 (الموعد/القاعة/السعة) لمادة (هندسة وتوثيق متطلبات البرمجيات) المتاحة في خطتك.', 0, '2026-05-15 22:00:31', 1, 1),
(198, '140048', 'تنبيه: تم تحديث بيانات الشعبة #1 (الموعد/القاعة/السعة) لمادة (هندسة وتوثيق متطلبات البرمجيات) المتاحة في خطتك.', 0, '2026-05-15 22:00:31', 1, 1),
(199, '140049', 'تنبيه: تم تحديث بيانات الشعبة #1 (الموعد/القاعة/السعة) لمادة (هندسة وتوثيق متطلبات البرمجيات) المتاحة في خطتك.', 0, '2026-05-15 22:00:31', 1, 1),
(200, '140050', 'تنبيه: تم تحديث بيانات الشعبة #1 (الموعد/القاعة/السعة) لمادة (هندسة وتوثيق متطلبات البرمجيات) المتاحة في خطتك.', 0, '2026-05-15 22:00:31', 1, 1),
(201, '154677', 'تنبيه: تم تحديث بيانات الشعبة #1 (الموعد/القاعة/السعة) لمادة (هندسة وتوثيق متطلبات البرمجيات) المتاحة في خطتك.', 0, '2026-05-15 22:00:31', 1, 1),
(202, '158138', 'تنبيه: تم تحديث بيانات الشعبة #1 (الموعد/القاعة/السعة) لمادة (هندسة وتوثيق متطلبات البرمجيات) المتاحة في خطتك.', 1, '2026-05-15 22:00:31', 1, 1),
(203, '158237', 'تنبيه: تم تحديث بيانات الشعبة #1 (الموعد/القاعة/السعة) لمادة (هندسة وتوثيق متطلبات البرمجيات) المتاحة في خطتك.', 0, '2026-05-15 22:00:31', 1, 1),
(204, '162972', 'تنبيه: تم تحديث بيانات الشعبة #1 (الموعد/القاعة/السعة) لمادة (هندسة وتوثيق متطلبات البرمجيات) المتاحة في خطتك.', 0, '2026-05-15 22:00:31', 1, 1),
(205, '110001', 'تنبيه: تم تحديث بيانات الشعبة #1 (الموعد/القاعة/السعة) لمادة (تحليل ونمذجة وتصميم الأنظمة) المتاحة في خطتك.', 0, '2026-05-16 17:09:01', 1, 1),
(206, '110002', 'تنبيه: تم تحديث بيانات الشعبة #1 (الموعد/القاعة/السعة) لمادة (تحليل ونمذجة وتصميم الأنظمة) المتاحة في خطتك.', 0, '2026-05-16 17:09:01', 1, 1),
(207, '110003', 'تنبيه: تم تحديث بيانات الشعبة #1 (الموعد/القاعة/السعة) لمادة (تحليل ونمذجة وتصميم الأنظمة) المتاحة في خطتك.', 0, '2026-05-16 17:09:01', 1, 1),
(208, '110004', 'تنبيه: تم تحديث بيانات الشعبة #1 (الموعد/القاعة/السعة) لمادة (تحليل ونمذجة وتصميم الأنظمة) المتاحة في خطتك.', 0, '2026-05-16 17:09:01', 1, 1),
(209, '110005', 'تنبيه: تم تحديث بيانات الشعبة #1 (الموعد/القاعة/السعة) لمادة (تحليل ونمذجة وتصميم الأنظمة) المتاحة في خطتك.', 0, '2026-05-16 17:09:01', 1, 1),
(210, '110006', 'تنبيه: تم تحديث بيانات الشعبة #1 (الموعد/القاعة/السعة) لمادة (تحليل ونمذجة وتصميم الأنظمة) المتاحة في خطتك.', 0, '2026-05-16 17:09:01', 1, 1),
(211, '110007', 'تنبيه: تم تحديث بيانات الشعبة #1 (الموعد/القاعة/السعة) لمادة (تحليل ونمذجة وتصميم الأنظمة) المتاحة في خطتك.', 0, '2026-05-16 17:09:01', 1, 1),
(212, '110008', 'تنبيه: تم تحديث بيانات الشعبة #1 (الموعد/القاعة/السعة) لمادة (تحليل ونمذجة وتصميم الأنظمة) المتاحة في خطتك.', 0, '2026-05-16 17:09:01', 1, 1),
(213, '110009', 'تنبيه: تم تحديث بيانات الشعبة #1 (الموعد/القاعة/السعة) لمادة (تحليل ونمذجة وتصميم الأنظمة) المتاحة في خطتك.', 0, '2026-05-16 17:09:01', 1, 1),
(214, '110010', 'تنبيه: تم تحديث بيانات الشعبة #1 (الموعد/القاعة/السعة) لمادة (تحليل ونمذجة وتصميم الأنظمة) المتاحة في خطتك.', 0, '2026-05-16 17:09:01', 1, 1),
(215, '110011', 'تنبيه: تم تحديث بيانات الشعبة #1 (الموعد/القاعة/السعة) لمادة (تحليل ونمذجة وتصميم الأنظمة) المتاحة في خطتك.', 0, '2026-05-16 17:09:01', 1, 1),
(216, '110012', 'تنبيه: تم تحديث بيانات الشعبة #1 (الموعد/القاعة/السعة) لمادة (تحليل ونمذجة وتصميم الأنظمة) المتاحة في خطتك.', 0, '2026-05-16 17:09:01', 1, 1),
(217, '110013', 'تنبيه: تم تحديث بيانات الشعبة #1 (الموعد/القاعة/السعة) لمادة (تحليل ونمذجة وتصميم الأنظمة) المتاحة في خطتك.', 0, '2026-05-16 17:09:01', 1, 1),
(218, '110014', 'تنبيه: تم تحديث بيانات الشعبة #1 (الموعد/القاعة/السعة) لمادة (تحليل ونمذجة وتصميم الأنظمة) المتاحة في خطتك.', 0, '2026-05-16 17:09:01', 1, 1),
(219, '110015', 'تنبيه: تم تحديث بيانات الشعبة #1 (الموعد/القاعة/السعة) لمادة (تحليل ونمذجة وتصميم الأنظمة) المتاحة في خطتك.', 0, '2026-05-16 17:09:01', 1, 1),
(220, '110016', 'تنبيه: تم تحديث بيانات الشعبة #1 (الموعد/القاعة/السعة) لمادة (تحليل ونمذجة وتصميم الأنظمة) المتاحة في خطتك.', 0, '2026-05-16 17:09:01', 1, 1),
(221, '110017', 'تنبيه: تم تحديث بيانات الشعبة #1 (الموعد/القاعة/السعة) لمادة (تحليل ونمذجة وتصميم الأنظمة) المتاحة في خطتك.', 0, '2026-05-16 17:09:01', 1, 1),
(222, '110018', 'تنبيه: تم تحديث بيانات الشعبة #1 (الموعد/القاعة/السعة) لمادة (تحليل ونمذجة وتصميم الأنظمة) المتاحة في خطتك.', 0, '2026-05-16 17:09:01', 1, 1),
(223, '110019', 'تنبيه: تم تحديث بيانات الشعبة #1 (الموعد/القاعة/السعة) لمادة (تحليل ونمذجة وتصميم الأنظمة) المتاحة في خطتك.', 0, '2026-05-16 17:09:01', 1, 1),
(224, '110020', 'تنبيه: تم تحديث بيانات الشعبة #1 (الموعد/القاعة/السعة) لمادة (تحليل ونمذجة وتصميم الأنظمة) المتاحة في خطتك.', 0, '2026-05-16 17:09:01', 1, 1),
(225, '110021', 'تنبيه: تم تحديث بيانات الشعبة #1 (الموعد/القاعة/السعة) لمادة (تحليل ونمذجة وتصميم الأنظمة) المتاحة في خطتك.', 0, '2026-05-16 17:09:01', 1, 1),
(226, '110022', 'تنبيه: تم تحديث بيانات الشعبة #1 (الموعد/القاعة/السعة) لمادة (تحليل ونمذجة وتصميم الأنظمة) المتاحة في خطتك.', 0, '2026-05-16 17:09:01', 1, 1),
(227, '110023', 'تنبيه: تم تحديث بيانات الشعبة #1 (الموعد/القاعة/السعة) لمادة (تحليل ونمذجة وتصميم الأنظمة) المتاحة في خطتك.', 0, '2026-05-16 17:09:01', 1, 1),
(228, '110024', 'تنبيه: تم تحديث بيانات الشعبة #1 (الموعد/القاعة/السعة) لمادة (تحليل ونمذجة وتصميم الأنظمة) المتاحة في خطتك.', 0, '2026-05-16 17:09:01', 1, 1),
(229, '110025', 'تنبيه: تم تحديث بيانات الشعبة #1 (الموعد/القاعة/السعة) لمادة (تحليل ونمذجة وتصميم الأنظمة) المتاحة في خطتك.', 0, '2026-05-16 17:09:01', 1, 1),
(230, '110026', 'تنبيه: تم تحديث بيانات الشعبة #1 (الموعد/القاعة/السعة) لمادة (تحليل ونمذجة وتصميم الأنظمة) المتاحة في خطتك.', 0, '2026-05-16 17:09:01', 1, 1),
(231, '110027', 'تنبيه: تم تحديث بيانات الشعبة #1 (الموعد/القاعة/السعة) لمادة (تحليل ونمذجة وتصميم الأنظمة) المتاحة في خطتك.', 0, '2026-05-16 17:09:01', 1, 1),
(232, '110028', 'تنبيه: تم تحديث بيانات الشعبة #1 (الموعد/القاعة/السعة) لمادة (تحليل ونمذجة وتصميم الأنظمة) المتاحة في خطتك.', 0, '2026-05-16 17:09:01', 1, 1),
(233, '110029', 'تنبيه: تم تحديث بيانات الشعبة #1 (الموعد/القاعة/السعة) لمادة (تحليل ونمذجة وتصميم الأنظمة) المتاحة في خطتك.', 0, '2026-05-16 17:09:01', 1, 1),
(234, '110030', 'تنبيه: تم تحديث بيانات الشعبة #1 (الموعد/القاعة/السعة) لمادة (تحليل ونمذجة وتصميم الأنظمة) المتاحة في خطتك.', 0, '2026-05-16 17:09:01', 1, 1),
(235, '110031', 'تنبيه: تم تحديث بيانات الشعبة #1 (الموعد/القاعة/السعة) لمادة (تحليل ونمذجة وتصميم الأنظمة) المتاحة في خطتك.', 0, '2026-05-16 17:09:01', 1, 1),
(236, '110032', 'تنبيه: تم تحديث بيانات الشعبة #1 (الموعد/القاعة/السعة) لمادة (تحليل ونمذجة وتصميم الأنظمة) المتاحة في خطتك.', 0, '2026-05-16 17:09:01', 1, 1),
(237, '110033', 'تنبيه: تم تحديث بيانات الشعبة #1 (الموعد/القاعة/السعة) لمادة (تحليل ونمذجة وتصميم الأنظمة) المتاحة في خطتك.', 0, '2026-05-16 17:09:01', 1, 1),
(238, '110034', 'تنبيه: تم تحديث بيانات الشعبة #1 (الموعد/القاعة/السعة) لمادة (تحليل ونمذجة وتصميم الأنظمة) المتاحة في خطتك.', 0, '2026-05-16 17:09:01', 1, 1),
(239, '110035', 'تنبيه: تم تحديث بيانات الشعبة #1 (الموعد/القاعة/السعة) لمادة (تحليل ونمذجة وتصميم الأنظمة) المتاحة في خطتك.', 0, '2026-05-16 17:09:01', 1, 1),
(240, '110036', 'تنبيه: تم تحديث بيانات الشعبة #1 (الموعد/القاعة/السعة) لمادة (تحليل ونمذجة وتصميم الأنظمة) المتاحة في خطتك.', 0, '2026-05-16 17:09:01', 1, 1),
(241, '110037', 'تنبيه: تم تحديث بيانات الشعبة #1 (الموعد/القاعة/السعة) لمادة (تحليل ونمذجة وتصميم الأنظمة) المتاحة في خطتك.', 0, '2026-05-16 17:09:01', 1, 1),
(242, '110038', 'تنبيه: تم تحديث بيانات الشعبة #1 (الموعد/القاعة/السعة) لمادة (تحليل ونمذجة وتصميم الأنظمة) المتاحة في خطتك.', 0, '2026-05-16 17:09:01', 1, 1),
(243, '110039', 'تنبيه: تم تحديث بيانات الشعبة #1 (الموعد/القاعة/السعة) لمادة (تحليل ونمذجة وتصميم الأنظمة) المتاحة في خطتك.', 0, '2026-05-16 17:09:01', 1, 1),
(244, '110040', 'تنبيه: تم تحديث بيانات الشعبة #1 (الموعد/القاعة/السعة) لمادة (تحليل ونمذجة وتصميم الأنظمة) المتاحة في خطتك.', 0, '2026-05-16 17:09:01', 1, 1),
(245, '110041', 'تنبيه: تم تحديث بيانات الشعبة #1 (الموعد/القاعة/السعة) لمادة (تحليل ونمذجة وتصميم الأنظمة) المتاحة في خطتك.', 0, '2026-05-16 17:09:01', 1, 1),
(246, '110042', 'تنبيه: تم تحديث بيانات الشعبة #1 (الموعد/القاعة/السعة) لمادة (تحليل ونمذجة وتصميم الأنظمة) المتاحة في خطتك.', 0, '2026-05-16 17:09:01', 1, 1),
(247, '110043', 'تنبيه: تم تحديث بيانات الشعبة #1 (الموعد/القاعة/السعة) لمادة (تحليل ونمذجة وتصميم الأنظمة) المتاحة في خطتك.', 0, '2026-05-16 17:09:01', 1, 1),
(248, '110044', 'تنبيه: تم تحديث بيانات الشعبة #1 (الموعد/القاعة/السعة) لمادة (تحليل ونمذجة وتصميم الأنظمة) المتاحة في خطتك.', 0, '2026-05-16 17:09:01', 1, 1),
(249, '110045', 'تنبيه: تم تحديث بيانات الشعبة #1 (الموعد/القاعة/السعة) لمادة (تحليل ونمذجة وتصميم الأنظمة) المتاحة في خطتك.', 0, '2026-05-16 17:09:01', 1, 1),
(250, '110046', 'تنبيه: تم تحديث بيانات الشعبة #1 (الموعد/القاعة/السعة) لمادة (تحليل ونمذجة وتصميم الأنظمة) المتاحة في خطتك.', 0, '2026-05-16 17:09:01', 1, 1),
(251, '110047', 'تنبيه: تم تحديث بيانات الشعبة #1 (الموعد/القاعة/السعة) لمادة (تحليل ونمذجة وتصميم الأنظمة) المتاحة في خطتك.', 0, '2026-05-16 17:09:01', 1, 1),
(252, '110048', 'تنبيه: تم تحديث بيانات الشعبة #1 (الموعد/القاعة/السعة) لمادة (تحليل ونمذجة وتصميم الأنظمة) المتاحة في خطتك.', 0, '2026-05-16 17:09:01', 1, 1),
(253, '110049', 'تنبيه: تم تحديث بيانات الشعبة #1 (الموعد/القاعة/السعة) لمادة (تحليل ونمذجة وتصميم الأنظمة) المتاحة في خطتك.', 0, '2026-05-16 17:09:01', 1, 1),
(254, '110050', 'تنبيه: تم تحديث بيانات الشعبة #1 (الموعد/القاعة/السعة) لمادة (تحليل ونمذجة وتصميم الأنظمة) المتاحة في خطتك.', 0, '2026-05-16 17:09:01', 1, 1),
(255, '120001', 'تنبيه: تم تحديث بيانات الشعبة #1 (الموعد/القاعة/السعة) لمادة (تحليل ونمذجة وتصميم الأنظمة) المتاحة في خطتك.', 0, '2026-05-16 17:09:01', 1, 1),
(256, '120002', 'تنبيه: تم تحديث بيانات الشعبة #1 (الموعد/القاعة/السعة) لمادة (تحليل ونمذجة وتصميم الأنظمة) المتاحة في خطتك.', 0, '2026-05-16 17:09:01', 1, 1),
(257, '120003', 'تنبيه: تم تحديث بيانات الشعبة #1 (الموعد/القاعة/السعة) لمادة (تحليل ونمذجة وتصميم الأنظمة) المتاحة في خطتك.', 0, '2026-05-16 17:09:01', 1, 1),
(258, '120004', 'تنبيه: تم تحديث بيانات الشعبة #1 (الموعد/القاعة/السعة) لمادة (تحليل ونمذجة وتصميم الأنظمة) المتاحة في خطتك.', 0, '2026-05-16 17:09:01', 1, 1),
(259, '120005', 'تنبيه: تم تحديث بيانات الشعبة #1 (الموعد/القاعة/السعة) لمادة (تحليل ونمذجة وتصميم الأنظمة) المتاحة في خطتك.', 0, '2026-05-16 17:09:01', 1, 1),
(260, '120006', 'تنبيه: تم تحديث بيانات الشعبة #1 (الموعد/القاعة/السعة) لمادة (تحليل ونمذجة وتصميم الأنظمة) المتاحة في خطتك.', 0, '2026-05-16 17:09:01', 1, 1),
(261, '120007', 'تنبيه: تم تحديث بيانات الشعبة #1 (الموعد/القاعة/السعة) لمادة (تحليل ونمذجة وتصميم الأنظمة) المتاحة في خطتك.', 0, '2026-05-16 17:09:01', 1, 1),
(262, '120008', 'تنبيه: تم تحديث بيانات الشعبة #1 (الموعد/القاعة/السعة) لمادة (تحليل ونمذجة وتصميم الأنظمة) المتاحة في خطتك.', 0, '2026-05-16 17:09:01', 1, 1),
(263, '120009', 'تنبيه: تم تحديث بيانات الشعبة #1 (الموعد/القاعة/السعة) لمادة (تحليل ونمذجة وتصميم الأنظمة) المتاحة في خطتك.', 0, '2026-05-16 17:09:01', 1, 1),
(264, '120010', 'تنبيه: تم تحديث بيانات الشعبة #1 (الموعد/القاعة/السعة) لمادة (تحليل ونمذجة وتصميم الأنظمة) المتاحة في خطتك.', 0, '2026-05-16 17:09:01', 1, 1),
(265, '120011', 'تنبيه: تم تحديث بيانات الشعبة #1 (الموعد/القاعة/السعة) لمادة (تحليل ونمذجة وتصميم الأنظمة) المتاحة في خطتك.', 0, '2026-05-16 17:09:01', 1, 1),
(266, '120012', 'تنبيه: تم تحديث بيانات الشعبة #1 (الموعد/القاعة/السعة) لمادة (تحليل ونمذجة وتصميم الأنظمة) المتاحة في خطتك.', 0, '2026-05-16 17:09:01', 1, 1),
(267, '120013', 'تنبيه: تم تحديث بيانات الشعبة #1 (الموعد/القاعة/السعة) لمادة (تحليل ونمذجة وتصميم الأنظمة) المتاحة في خطتك.', 0, '2026-05-16 17:09:01', 1, 1),
(268, '120014', 'تنبيه: تم تحديث بيانات الشعبة #1 (الموعد/القاعة/السعة) لمادة (تحليل ونمذجة وتصميم الأنظمة) المتاحة في خطتك.', 0, '2026-05-16 17:09:01', 1, 1),
(269, '120015', 'تنبيه: تم تحديث بيانات الشعبة #1 (الموعد/القاعة/السعة) لمادة (تحليل ونمذجة وتصميم الأنظمة) المتاحة في خطتك.', 0, '2026-05-16 17:09:01', 1, 1),
(270, '120016', 'تنبيه: تم تحديث بيانات الشعبة #1 (الموعد/القاعة/السعة) لمادة (تحليل ونمذجة وتصميم الأنظمة) المتاحة في خطتك.', 0, '2026-05-16 17:09:01', 1, 1),
(271, '120017', 'تنبيه: تم تحديث بيانات الشعبة #1 (الموعد/القاعة/السعة) لمادة (تحليل ونمذجة وتصميم الأنظمة) المتاحة في خطتك.', 0, '2026-05-16 17:09:01', 1, 1),
(272, '120018', 'تنبيه: تم تحديث بيانات الشعبة #1 (الموعد/القاعة/السعة) لمادة (تحليل ونمذجة وتصميم الأنظمة) المتاحة في خطتك.', 0, '2026-05-16 17:09:01', 1, 1),
(273, '120019', 'تنبيه: تم تحديث بيانات الشعبة #1 (الموعد/القاعة/السعة) لمادة (تحليل ونمذجة وتصميم الأنظمة) المتاحة في خطتك.', 0, '2026-05-16 17:09:01', 1, 1),
(274, '120020', 'تنبيه: تم تحديث بيانات الشعبة #1 (الموعد/القاعة/السعة) لمادة (تحليل ونمذجة وتصميم الأنظمة) المتاحة في خطتك.', 0, '2026-05-16 17:09:01', 1, 1),
(275, '120021', 'تنبيه: تم تحديث بيانات الشعبة #1 (الموعد/القاعة/السعة) لمادة (تحليل ونمذجة وتصميم الأنظمة) المتاحة في خطتك.', 0, '2026-05-16 17:09:01', 1, 1),
(276, '120022', 'تنبيه: تم تحديث بيانات الشعبة #1 (الموعد/القاعة/السعة) لمادة (تحليل ونمذجة وتصميم الأنظمة) المتاحة في خطتك.', 0, '2026-05-16 17:09:01', 1, 1),
(277, '120023', 'تنبيه: تم تحديث بيانات الشعبة #1 (الموعد/القاعة/السعة) لمادة (تحليل ونمذجة وتصميم الأنظمة) المتاحة في خطتك.', 0, '2026-05-16 17:09:01', 1, 1),
(278, '120024', 'تنبيه: تم تحديث بيانات الشعبة #1 (الموعد/القاعة/السعة) لمادة (تحليل ونمذجة وتصميم الأنظمة) المتاحة في خطتك.', 0, '2026-05-16 17:09:01', 1, 1),
(279, '120025', 'تنبيه: تم تحديث بيانات الشعبة #1 (الموعد/القاعة/السعة) لمادة (تحليل ونمذجة وتصميم الأنظمة) المتاحة في خطتك.', 0, '2026-05-16 17:09:01', 1, 1),
(280, '120026', 'تنبيه: تم تحديث بيانات الشعبة #1 (الموعد/القاعة/السعة) لمادة (تحليل ونمذجة وتصميم الأنظمة) المتاحة في خطتك.', 0, '2026-05-16 17:09:01', 1, 1),
(281, '120027', 'تنبيه: تم تحديث بيانات الشعبة #1 (الموعد/القاعة/السعة) لمادة (تحليل ونمذجة وتصميم الأنظمة) المتاحة في خطتك.', 0, '2026-05-16 17:09:01', 1, 1),
(282, '120028', 'تنبيه: تم تحديث بيانات الشعبة #1 (الموعد/القاعة/السعة) لمادة (تحليل ونمذجة وتصميم الأنظمة) المتاحة في خطتك.', 0, '2026-05-16 17:09:01', 1, 1),
(283, '120029', 'تنبيه: تم تحديث بيانات الشعبة #1 (الموعد/القاعة/السعة) لمادة (تحليل ونمذجة وتصميم الأنظمة) المتاحة في خطتك.', 0, '2026-05-16 17:09:01', 1, 1),
(284, '120030', 'تنبيه: تم تحديث بيانات الشعبة #1 (الموعد/القاعة/السعة) لمادة (تحليل ونمذجة وتصميم الأنظمة) المتاحة في خطتك.', 0, '2026-05-16 17:09:01', 1, 1),
(285, '120031', 'تنبيه: تم تحديث بيانات الشعبة #1 (الموعد/القاعة/السعة) لمادة (تحليل ونمذجة وتصميم الأنظمة) المتاحة في خطتك.', 0, '2026-05-16 17:09:01', 1, 1),
(286, '120032', 'تنبيه: تم تحديث بيانات الشعبة #1 (الموعد/القاعة/السعة) لمادة (تحليل ونمذجة وتصميم الأنظمة) المتاحة في خطتك.', 0, '2026-05-16 17:09:01', 1, 1),
(287, '120033', 'تنبيه: تم تحديث بيانات الشعبة #1 (الموعد/القاعة/السعة) لمادة (تحليل ونمذجة وتصميم الأنظمة) المتاحة في خطتك.', 0, '2026-05-16 17:09:01', 1, 1),
(288, '120034', 'تنبيه: تم تحديث بيانات الشعبة #1 (الموعد/القاعة/السعة) لمادة (تحليل ونمذجة وتصميم الأنظمة) المتاحة في خطتك.', 0, '2026-05-16 17:09:01', 1, 1),
(289, '120035', 'تنبيه: تم تحديث بيانات الشعبة #1 (الموعد/القاعة/السعة) لمادة (تحليل ونمذجة وتصميم الأنظمة) المتاحة في خطتك.', 0, '2026-05-16 17:09:01', 1, 1),
(290, '120036', 'تنبيه: تم تحديث بيانات الشعبة #1 (الموعد/القاعة/السعة) لمادة (تحليل ونمذجة وتصميم الأنظمة) المتاحة في خطتك.', 0, '2026-05-16 17:09:01', 1, 1),
(291, '120037', 'تنبيه: تم تحديث بيانات الشعبة #1 (الموعد/القاعة/السعة) لمادة (تحليل ونمذجة وتصميم الأنظمة) المتاحة في خطتك.', 0, '2026-05-16 17:09:01', 1, 1),
(292, '120038', 'تنبيه: تم تحديث بيانات الشعبة #1 (الموعد/القاعة/السعة) لمادة (تحليل ونمذجة وتصميم الأنظمة) المتاحة في خطتك.', 0, '2026-05-16 17:09:01', 1, 1),
(293, '120039', 'تنبيه: تم تحديث بيانات الشعبة #1 (الموعد/القاعة/السعة) لمادة (تحليل ونمذجة وتصميم الأنظمة) المتاحة في خطتك.', 0, '2026-05-16 17:09:01', 1, 1),
(294, '120040', 'تنبيه: تم تحديث بيانات الشعبة #1 (الموعد/القاعة/السعة) لمادة (تحليل ونمذجة وتصميم الأنظمة) المتاحة في خطتك.', 0, '2026-05-16 17:09:01', 1, 1),
(295, '120041', 'تنبيه: تم تحديث بيانات الشعبة #1 (الموعد/القاعة/السعة) لمادة (تحليل ونمذجة وتصميم الأنظمة) المتاحة في خطتك.', 0, '2026-05-16 17:09:01', 1, 1),
(296, '120042', 'تنبيه: تم تحديث بيانات الشعبة #1 (الموعد/القاعة/السعة) لمادة (تحليل ونمذجة وتصميم الأنظمة) المتاحة في خطتك.', 0, '2026-05-16 17:09:01', 1, 1),
(297, '120043', 'تنبيه: تم تحديث بيانات الشعبة #1 (الموعد/القاعة/السعة) لمادة (تحليل ونمذجة وتصميم الأنظمة) المتاحة في خطتك.', 0, '2026-05-16 17:09:01', 1, 1),
(298, '120044', 'تنبيه: تم تحديث بيانات الشعبة #1 (الموعد/القاعة/السعة) لمادة (تحليل ونمذجة وتصميم الأنظمة) المتاحة في خطتك.', 0, '2026-05-16 17:09:01', 1, 1),
(299, '120045', 'تنبيه: تم تحديث بيانات الشعبة #1 (الموعد/القاعة/السعة) لمادة (تحليل ونمذجة وتصميم الأنظمة) المتاحة في خطتك.', 0, '2026-05-16 17:09:01', 1, 1),
(300, '120046', 'تنبيه: تم تحديث بيانات الشعبة #1 (الموعد/القاعة/السعة) لمادة (تحليل ونمذجة وتصميم الأنظمة) المتاحة في خطتك.', 0, '2026-05-16 17:09:01', 1, 1),
(301, '120047', 'تنبيه: تم تحديث بيانات الشعبة #1 (الموعد/القاعة/السعة) لمادة (تحليل ونمذجة وتصميم الأنظمة) المتاحة في خطتك.', 0, '2026-05-16 17:09:01', 1, 1),
(302, '120048', 'تنبيه: تم تحديث بيانات الشعبة #1 (الموعد/القاعة/السعة) لمادة (تحليل ونمذجة وتصميم الأنظمة) المتاحة في خطتك.', 0, '2026-05-16 17:09:01', 1, 1),
(303, '120049', 'تنبيه: تم تحديث بيانات الشعبة #1 (الموعد/القاعة/السعة) لمادة (تحليل ونمذجة وتصميم الأنظمة) المتاحة في خطتك.', 0, '2026-05-16 17:09:01', 1, 1),
(304, '120050', 'تنبيه: تم تحديث بيانات الشعبة #1 (الموعد/القاعة/السعة) لمادة (تحليل ونمذجة وتصميم الأنظمة) المتاحة في خطتك.', 0, '2026-05-16 17:09:01', 1, 1),
(305, '130001', 'تنبيه: تم تحديث بيانات الشعبة #1 (الموعد/القاعة/السعة) لمادة (تحليل ونمذجة وتصميم الأنظمة) المتاحة في خطتك.', 0, '2026-05-16 17:09:01', 1, 1),
(306, '130002', 'تنبيه: تم تحديث بيانات الشعبة #1 (الموعد/القاعة/السعة) لمادة (تحليل ونمذجة وتصميم الأنظمة) المتاحة في خطتك.', 0, '2026-05-16 17:09:01', 1, 1),
(307, '130003', 'تنبيه: تم تحديث بيانات الشعبة #1 (الموعد/القاعة/السعة) لمادة (تحليل ونمذجة وتصميم الأنظمة) المتاحة في خطتك.', 0, '2026-05-16 17:09:01', 1, 1),
(308, '130004', 'تنبيه: تم تحديث بيانات الشعبة #1 (الموعد/القاعة/السعة) لمادة (تحليل ونمذجة وتصميم الأنظمة) المتاحة في خطتك.', 0, '2026-05-16 17:09:01', 1, 1),
(309, '130005', 'تنبيه: تم تحديث بيانات الشعبة #1 (الموعد/القاعة/السعة) لمادة (تحليل ونمذجة وتصميم الأنظمة) المتاحة في خطتك.', 0, '2026-05-16 17:09:01', 1, 1),
(310, '130006', 'تنبيه: تم تحديث بيانات الشعبة #1 (الموعد/القاعة/السعة) لمادة (تحليل ونمذجة وتصميم الأنظمة) المتاحة في خطتك.', 0, '2026-05-16 17:09:01', 1, 1),
(311, '130007', 'تنبيه: تم تحديث بيانات الشعبة #1 (الموعد/القاعة/السعة) لمادة (تحليل ونمذجة وتصميم الأنظمة) المتاحة في خطتك.', 0, '2026-05-16 17:09:01', 1, 1),
(312, '130008', 'تنبيه: تم تحديث بيانات الشعبة #1 (الموعد/القاعة/السعة) لمادة (تحليل ونمذجة وتصميم الأنظمة) المتاحة في خطتك.', 0, '2026-05-16 17:09:01', 1, 1);
INSERT INTO `student_notification` (`id`, `student_id`, `message`, `is_read`, `created_at`, `is_published`, `dept_id`) VALUES
(313, '130009', 'تنبيه: تم تحديث بيانات الشعبة #1 (الموعد/القاعة/السعة) لمادة (تحليل ونمذجة وتصميم الأنظمة) المتاحة في خطتك.', 0, '2026-05-16 17:09:01', 1, 1),
(314, '130010', 'تنبيه: تم تحديث بيانات الشعبة #1 (الموعد/القاعة/السعة) لمادة (تحليل ونمذجة وتصميم الأنظمة) المتاحة في خطتك.', 0, '2026-05-16 17:09:01', 1, 1),
(315, '130011', 'تنبيه: تم تحديث بيانات الشعبة #1 (الموعد/القاعة/السعة) لمادة (تحليل ونمذجة وتصميم الأنظمة) المتاحة في خطتك.', 0, '2026-05-16 17:09:01', 1, 1),
(316, '130012', 'تنبيه: تم تحديث بيانات الشعبة #1 (الموعد/القاعة/السعة) لمادة (تحليل ونمذجة وتصميم الأنظمة) المتاحة في خطتك.', 0, '2026-05-16 17:09:01', 1, 1),
(317, '130013', 'تنبيه: تم تحديث بيانات الشعبة #1 (الموعد/القاعة/السعة) لمادة (تحليل ونمذجة وتصميم الأنظمة) المتاحة في خطتك.', 0, '2026-05-16 17:09:01', 1, 1),
(318, '130014', 'تنبيه: تم تحديث بيانات الشعبة #1 (الموعد/القاعة/السعة) لمادة (تحليل ونمذجة وتصميم الأنظمة) المتاحة في خطتك.', 0, '2026-05-16 17:09:01', 1, 1),
(319, '130015', 'تنبيه: تم تحديث بيانات الشعبة #1 (الموعد/القاعة/السعة) لمادة (تحليل ونمذجة وتصميم الأنظمة) المتاحة في خطتك.', 0, '2026-05-16 17:09:01', 1, 1),
(320, '130016', 'تنبيه: تم تحديث بيانات الشعبة #1 (الموعد/القاعة/السعة) لمادة (تحليل ونمذجة وتصميم الأنظمة) المتاحة في خطتك.', 0, '2026-05-16 17:09:01', 1, 1),
(321, '130017', 'تنبيه: تم تحديث بيانات الشعبة #1 (الموعد/القاعة/السعة) لمادة (تحليل ونمذجة وتصميم الأنظمة) المتاحة في خطتك.', 0, '2026-05-16 17:09:01', 1, 1),
(322, '130018', 'تنبيه: تم تحديث بيانات الشعبة #1 (الموعد/القاعة/السعة) لمادة (تحليل ونمذجة وتصميم الأنظمة) المتاحة في خطتك.', 0, '2026-05-16 17:09:01', 1, 1),
(323, '130019', 'تنبيه: تم تحديث بيانات الشعبة #1 (الموعد/القاعة/السعة) لمادة (تحليل ونمذجة وتصميم الأنظمة) المتاحة في خطتك.', 0, '2026-05-16 17:09:01', 1, 1),
(324, '130020', 'تنبيه: تم تحديث بيانات الشعبة #1 (الموعد/القاعة/السعة) لمادة (تحليل ونمذجة وتصميم الأنظمة) المتاحة في خطتك.', 0, '2026-05-16 17:09:01', 1, 1),
(325, '130021', 'تنبيه: تم تحديث بيانات الشعبة #1 (الموعد/القاعة/السعة) لمادة (تحليل ونمذجة وتصميم الأنظمة) المتاحة في خطتك.', 0, '2026-05-16 17:09:01', 1, 1),
(326, '130022', 'تنبيه: تم تحديث بيانات الشعبة #1 (الموعد/القاعة/السعة) لمادة (تحليل ونمذجة وتصميم الأنظمة) المتاحة في خطتك.', 0, '2026-05-16 17:09:01', 1, 1),
(327, '130023', 'تنبيه: تم تحديث بيانات الشعبة #1 (الموعد/القاعة/السعة) لمادة (تحليل ونمذجة وتصميم الأنظمة) المتاحة في خطتك.', 0, '2026-05-16 17:09:01', 1, 1),
(328, '130024', 'تنبيه: تم تحديث بيانات الشعبة #1 (الموعد/القاعة/السعة) لمادة (تحليل ونمذجة وتصميم الأنظمة) المتاحة في خطتك.', 0, '2026-05-16 17:09:01', 1, 1),
(329, '130025', 'تنبيه: تم تحديث بيانات الشعبة #1 (الموعد/القاعة/السعة) لمادة (تحليل ونمذجة وتصميم الأنظمة) المتاحة في خطتك.', 0, '2026-05-16 17:09:01', 1, 1),
(330, '130026', 'تنبيه: تم تحديث بيانات الشعبة #1 (الموعد/القاعة/السعة) لمادة (تحليل ونمذجة وتصميم الأنظمة) المتاحة في خطتك.', 0, '2026-05-16 17:09:01', 1, 1),
(331, '130027', 'تنبيه: تم تحديث بيانات الشعبة #1 (الموعد/القاعة/السعة) لمادة (تحليل ونمذجة وتصميم الأنظمة) المتاحة في خطتك.', 0, '2026-05-16 17:09:01', 1, 1),
(332, '130028', 'تنبيه: تم تحديث بيانات الشعبة #1 (الموعد/القاعة/السعة) لمادة (تحليل ونمذجة وتصميم الأنظمة) المتاحة في خطتك.', 0, '2026-05-16 17:09:01', 1, 1),
(333, '130029', 'تنبيه: تم تحديث بيانات الشعبة #1 (الموعد/القاعة/السعة) لمادة (تحليل ونمذجة وتصميم الأنظمة) المتاحة في خطتك.', 0, '2026-05-16 17:09:01', 1, 1),
(334, '130030', 'تنبيه: تم تحديث بيانات الشعبة #1 (الموعد/القاعة/السعة) لمادة (تحليل ونمذجة وتصميم الأنظمة) المتاحة في خطتك.', 0, '2026-05-16 17:09:01', 1, 1),
(335, '130031', 'تنبيه: تم تحديث بيانات الشعبة #1 (الموعد/القاعة/السعة) لمادة (تحليل ونمذجة وتصميم الأنظمة) المتاحة في خطتك.', 0, '2026-05-16 17:09:01', 1, 1),
(336, '130032', 'تنبيه: تم تحديث بيانات الشعبة #1 (الموعد/القاعة/السعة) لمادة (تحليل ونمذجة وتصميم الأنظمة) المتاحة في خطتك.', 0, '2026-05-16 17:09:01', 1, 1),
(337, '130033', 'تنبيه: تم تحديث بيانات الشعبة #1 (الموعد/القاعة/السعة) لمادة (تحليل ونمذجة وتصميم الأنظمة) المتاحة في خطتك.', 0, '2026-05-16 17:09:01', 1, 1),
(338, '130034', 'تنبيه: تم تحديث بيانات الشعبة #1 (الموعد/القاعة/السعة) لمادة (تحليل ونمذجة وتصميم الأنظمة) المتاحة في خطتك.', 0, '2026-05-16 17:09:01', 1, 1),
(339, '130035', 'تنبيه: تم تحديث بيانات الشعبة #1 (الموعد/القاعة/السعة) لمادة (تحليل ونمذجة وتصميم الأنظمة) المتاحة في خطتك.', 0, '2026-05-16 17:09:01', 1, 1),
(340, '130036', 'تنبيه: تم تحديث بيانات الشعبة #1 (الموعد/القاعة/السعة) لمادة (تحليل ونمذجة وتصميم الأنظمة) المتاحة في خطتك.', 0, '2026-05-16 17:09:01', 1, 1),
(341, '130037', 'تنبيه: تم تحديث بيانات الشعبة #1 (الموعد/القاعة/السعة) لمادة (تحليل ونمذجة وتصميم الأنظمة) المتاحة في خطتك.', 0, '2026-05-16 17:09:01', 1, 1),
(342, '130038', 'تنبيه: تم تحديث بيانات الشعبة #1 (الموعد/القاعة/السعة) لمادة (تحليل ونمذجة وتصميم الأنظمة) المتاحة في خطتك.', 0, '2026-05-16 17:09:01', 1, 1),
(343, '130039', 'تنبيه: تم تحديث بيانات الشعبة #1 (الموعد/القاعة/السعة) لمادة (تحليل ونمذجة وتصميم الأنظمة) المتاحة في خطتك.', 0, '2026-05-16 17:09:01', 1, 1),
(344, '130040', 'تنبيه: تم تحديث بيانات الشعبة #1 (الموعد/القاعة/السعة) لمادة (تحليل ونمذجة وتصميم الأنظمة) المتاحة في خطتك.', 0, '2026-05-16 17:09:01', 1, 1),
(345, '130041', 'تنبيه: تم تحديث بيانات الشعبة #1 (الموعد/القاعة/السعة) لمادة (تحليل ونمذجة وتصميم الأنظمة) المتاحة في خطتك.', 0, '2026-05-16 17:09:01', 1, 1),
(346, '130042', 'تنبيه: تم تحديث بيانات الشعبة #1 (الموعد/القاعة/السعة) لمادة (تحليل ونمذجة وتصميم الأنظمة) المتاحة في خطتك.', 0, '2026-05-16 17:09:01', 1, 1),
(347, '130043', 'تنبيه: تم تحديث بيانات الشعبة #1 (الموعد/القاعة/السعة) لمادة (تحليل ونمذجة وتصميم الأنظمة) المتاحة في خطتك.', 0, '2026-05-16 17:09:01', 1, 1),
(348, '130044', 'تنبيه: تم تحديث بيانات الشعبة #1 (الموعد/القاعة/السعة) لمادة (تحليل ونمذجة وتصميم الأنظمة) المتاحة في خطتك.', 0, '2026-05-16 17:09:01', 1, 1),
(349, '130045', 'تنبيه: تم تحديث بيانات الشعبة #1 (الموعد/القاعة/السعة) لمادة (تحليل ونمذجة وتصميم الأنظمة) المتاحة في خطتك.', 0, '2026-05-16 17:09:01', 1, 1),
(350, '130046', 'تنبيه: تم تحديث بيانات الشعبة #1 (الموعد/القاعة/السعة) لمادة (تحليل ونمذجة وتصميم الأنظمة) المتاحة في خطتك.', 0, '2026-05-16 17:09:01', 1, 1),
(351, '130047', 'تنبيه: تم تحديث بيانات الشعبة #1 (الموعد/القاعة/السعة) لمادة (تحليل ونمذجة وتصميم الأنظمة) المتاحة في خطتك.', 0, '2026-05-16 17:09:01', 1, 1),
(352, '130048', 'تنبيه: تم تحديث بيانات الشعبة #1 (الموعد/القاعة/السعة) لمادة (تحليل ونمذجة وتصميم الأنظمة) المتاحة في خطتك.', 0, '2026-05-16 17:09:01', 1, 1),
(353, '130049', 'تنبيه: تم تحديث بيانات الشعبة #1 (الموعد/القاعة/السعة) لمادة (تحليل ونمذجة وتصميم الأنظمة) المتاحة في خطتك.', 0, '2026-05-16 17:09:01', 1, 1),
(354, '130050', 'تنبيه: تم تحديث بيانات الشعبة #1 (الموعد/القاعة/السعة) لمادة (تحليل ونمذجة وتصميم الأنظمة) المتاحة في خطتك.', 0, '2026-05-16 17:09:01', 1, 1),
(355, '140001', 'تنبيه: تم تحديث بيانات الشعبة #1 (الموعد/القاعة/السعة) لمادة (تحليل ونمذجة وتصميم الأنظمة) المتاحة في خطتك.', 0, '2026-05-16 17:09:01', 1, 1),
(356, '140002', 'تنبيه: تم تحديث بيانات الشعبة #1 (الموعد/القاعة/السعة) لمادة (تحليل ونمذجة وتصميم الأنظمة) المتاحة في خطتك.', 0, '2026-05-16 17:09:01', 1, 1),
(357, '140003', 'تنبيه: تم تحديث بيانات الشعبة #1 (الموعد/القاعة/السعة) لمادة (تحليل ونمذجة وتصميم الأنظمة) المتاحة في خطتك.', 0, '2026-05-16 17:09:01', 1, 1),
(358, '140004', 'تنبيه: تم تحديث بيانات الشعبة #1 (الموعد/القاعة/السعة) لمادة (تحليل ونمذجة وتصميم الأنظمة) المتاحة في خطتك.', 0, '2026-05-16 17:09:01', 1, 1),
(359, '140005', 'تنبيه: تم تحديث بيانات الشعبة #1 (الموعد/القاعة/السعة) لمادة (تحليل ونمذجة وتصميم الأنظمة) المتاحة في خطتك.', 0, '2026-05-16 17:09:01', 1, 1),
(360, '140006', 'تنبيه: تم تحديث بيانات الشعبة #1 (الموعد/القاعة/السعة) لمادة (تحليل ونمذجة وتصميم الأنظمة) المتاحة في خطتك.', 0, '2026-05-16 17:09:01', 1, 1),
(361, '140007', 'تنبيه: تم تحديث بيانات الشعبة #1 (الموعد/القاعة/السعة) لمادة (تحليل ونمذجة وتصميم الأنظمة) المتاحة في خطتك.', 0, '2026-05-16 17:09:01', 1, 1),
(362, '140008', 'تنبيه: تم تحديث بيانات الشعبة #1 (الموعد/القاعة/السعة) لمادة (تحليل ونمذجة وتصميم الأنظمة) المتاحة في خطتك.', 0, '2026-05-16 17:09:01', 1, 1),
(363, '140009', 'تنبيه: تم تحديث بيانات الشعبة #1 (الموعد/القاعة/السعة) لمادة (تحليل ونمذجة وتصميم الأنظمة) المتاحة في خطتك.', 0, '2026-05-16 17:09:01', 1, 1),
(364, '140010', 'تنبيه: تم تحديث بيانات الشعبة #1 (الموعد/القاعة/السعة) لمادة (تحليل ونمذجة وتصميم الأنظمة) المتاحة في خطتك.', 0, '2026-05-16 17:09:01', 1, 1),
(365, '140011', 'تنبيه: تم تحديث بيانات الشعبة #1 (الموعد/القاعة/السعة) لمادة (تحليل ونمذجة وتصميم الأنظمة) المتاحة في خطتك.', 0, '2026-05-16 17:09:01', 1, 1),
(366, '140012', 'تنبيه: تم تحديث بيانات الشعبة #1 (الموعد/القاعة/السعة) لمادة (تحليل ونمذجة وتصميم الأنظمة) المتاحة في خطتك.', 0, '2026-05-16 17:09:01', 1, 1),
(367, '140013', 'تنبيه: تم تحديث بيانات الشعبة #1 (الموعد/القاعة/السعة) لمادة (تحليل ونمذجة وتصميم الأنظمة) المتاحة في خطتك.', 0, '2026-05-16 17:09:01', 1, 1),
(368, '140014', 'تنبيه: تم تحديث بيانات الشعبة #1 (الموعد/القاعة/السعة) لمادة (تحليل ونمذجة وتصميم الأنظمة) المتاحة في خطتك.', 0, '2026-05-16 17:09:01', 1, 1),
(369, '140015', 'تنبيه: تم تحديث بيانات الشعبة #1 (الموعد/القاعة/السعة) لمادة (تحليل ونمذجة وتصميم الأنظمة) المتاحة في خطتك.', 0, '2026-05-16 17:09:01', 1, 1),
(370, '140016', 'تنبيه: تم تحديث بيانات الشعبة #1 (الموعد/القاعة/السعة) لمادة (تحليل ونمذجة وتصميم الأنظمة) المتاحة في خطتك.', 0, '2026-05-16 17:09:01', 1, 1),
(371, '140017', 'تنبيه: تم تحديث بيانات الشعبة #1 (الموعد/القاعة/السعة) لمادة (تحليل ونمذجة وتصميم الأنظمة) المتاحة في خطتك.', 0, '2026-05-16 17:09:01', 1, 1),
(372, '140018', 'تنبيه: تم تحديث بيانات الشعبة #1 (الموعد/القاعة/السعة) لمادة (تحليل ونمذجة وتصميم الأنظمة) المتاحة في خطتك.', 0, '2026-05-16 17:09:01', 1, 1),
(373, '140019', 'تنبيه: تم تحديث بيانات الشعبة #1 (الموعد/القاعة/السعة) لمادة (تحليل ونمذجة وتصميم الأنظمة) المتاحة في خطتك.', 0, '2026-05-16 17:09:01', 1, 1),
(374, '140020', 'تنبيه: تم تحديث بيانات الشعبة #1 (الموعد/القاعة/السعة) لمادة (تحليل ونمذجة وتصميم الأنظمة) المتاحة في خطتك.', 0, '2026-05-16 17:09:01', 1, 1),
(375, '140021', 'تنبيه: تم تحديث بيانات الشعبة #1 (الموعد/القاعة/السعة) لمادة (تحليل ونمذجة وتصميم الأنظمة) المتاحة في خطتك.', 0, '2026-05-16 17:09:01', 1, 1),
(376, '140022', 'تنبيه: تم تحديث بيانات الشعبة #1 (الموعد/القاعة/السعة) لمادة (تحليل ونمذجة وتصميم الأنظمة) المتاحة في خطتك.', 0, '2026-05-16 17:09:01', 1, 1),
(377, '140023', 'تنبيه: تم تحديث بيانات الشعبة #1 (الموعد/القاعة/السعة) لمادة (تحليل ونمذجة وتصميم الأنظمة) المتاحة في خطتك.', 0, '2026-05-16 17:09:01', 1, 1),
(378, '140024', 'تنبيه: تم تحديث بيانات الشعبة #1 (الموعد/القاعة/السعة) لمادة (تحليل ونمذجة وتصميم الأنظمة) المتاحة في خطتك.', 0, '2026-05-16 17:09:01', 1, 1),
(379, '140025', 'تنبيه: تم تحديث بيانات الشعبة #1 (الموعد/القاعة/السعة) لمادة (تحليل ونمذجة وتصميم الأنظمة) المتاحة في خطتك.', 0, '2026-05-16 17:09:01', 1, 1),
(380, '140026', 'تنبيه: تم تحديث بيانات الشعبة #1 (الموعد/القاعة/السعة) لمادة (تحليل ونمذجة وتصميم الأنظمة) المتاحة في خطتك.', 0, '2026-05-16 17:09:01', 1, 1),
(381, '140027', 'تنبيه: تم تحديث بيانات الشعبة #1 (الموعد/القاعة/السعة) لمادة (تحليل ونمذجة وتصميم الأنظمة) المتاحة في خطتك.', 0, '2026-05-16 17:09:01', 1, 1),
(382, '140028', 'تنبيه: تم تحديث بيانات الشعبة #1 (الموعد/القاعة/السعة) لمادة (تحليل ونمذجة وتصميم الأنظمة) المتاحة في خطتك.', 0, '2026-05-16 17:09:01', 1, 1),
(383, '140029', 'تنبيه: تم تحديث بيانات الشعبة #1 (الموعد/القاعة/السعة) لمادة (تحليل ونمذجة وتصميم الأنظمة) المتاحة في خطتك.', 0, '2026-05-16 17:09:01', 1, 1),
(384, '140030', 'تنبيه: تم تحديث بيانات الشعبة #1 (الموعد/القاعة/السعة) لمادة (تحليل ونمذجة وتصميم الأنظمة) المتاحة في خطتك.', 0, '2026-05-16 17:09:01', 1, 1),
(385, '140031', 'تنبيه: تم تحديث بيانات الشعبة #1 (الموعد/القاعة/السعة) لمادة (تحليل ونمذجة وتصميم الأنظمة) المتاحة في خطتك.', 0, '2026-05-16 17:09:01', 1, 1),
(386, '140032', 'تنبيه: تم تحديث بيانات الشعبة #1 (الموعد/القاعة/السعة) لمادة (تحليل ونمذجة وتصميم الأنظمة) المتاحة في خطتك.', 0, '2026-05-16 17:09:01', 1, 1),
(387, '140033', 'تنبيه: تم تحديث بيانات الشعبة #1 (الموعد/القاعة/السعة) لمادة (تحليل ونمذجة وتصميم الأنظمة) المتاحة في خطتك.', 0, '2026-05-16 17:09:01', 1, 1),
(388, '140034', 'تنبيه: تم تحديث بيانات الشعبة #1 (الموعد/القاعة/السعة) لمادة (تحليل ونمذجة وتصميم الأنظمة) المتاحة في خطتك.', 0, '2026-05-16 17:09:01', 1, 1),
(389, '140035', 'تنبيه: تم تحديث بيانات الشعبة #1 (الموعد/القاعة/السعة) لمادة (تحليل ونمذجة وتصميم الأنظمة) المتاحة في خطتك.', 0, '2026-05-16 17:09:01', 1, 1),
(390, '140036', 'تنبيه: تم تحديث بيانات الشعبة #1 (الموعد/القاعة/السعة) لمادة (تحليل ونمذجة وتصميم الأنظمة) المتاحة في خطتك.', 0, '2026-05-16 17:09:01', 1, 1),
(391, '140037', 'تنبيه: تم تحديث بيانات الشعبة #1 (الموعد/القاعة/السعة) لمادة (تحليل ونمذجة وتصميم الأنظمة) المتاحة في خطتك.', 0, '2026-05-16 17:09:01', 1, 1),
(392, '140038', 'تنبيه: تم تحديث بيانات الشعبة #1 (الموعد/القاعة/السعة) لمادة (تحليل ونمذجة وتصميم الأنظمة) المتاحة في خطتك.', 0, '2026-05-16 17:09:01', 1, 1),
(393, '140039', 'تنبيه: تم تحديث بيانات الشعبة #1 (الموعد/القاعة/السعة) لمادة (تحليل ونمذجة وتصميم الأنظمة) المتاحة في خطتك.', 0, '2026-05-16 17:09:01', 1, 1),
(394, '140040', 'تنبيه: تم تحديث بيانات الشعبة #1 (الموعد/القاعة/السعة) لمادة (تحليل ونمذجة وتصميم الأنظمة) المتاحة في خطتك.', 0, '2026-05-16 17:09:01', 1, 1),
(395, '140041', 'تنبيه: تم تحديث بيانات الشعبة #1 (الموعد/القاعة/السعة) لمادة (تحليل ونمذجة وتصميم الأنظمة) المتاحة في خطتك.', 0, '2026-05-16 17:09:01', 1, 1),
(396, '140042', 'تنبيه: تم تحديث بيانات الشعبة #1 (الموعد/القاعة/السعة) لمادة (تحليل ونمذجة وتصميم الأنظمة) المتاحة في خطتك.', 0, '2026-05-16 17:09:01', 1, 1),
(397, '140043', 'تنبيه: تم تحديث بيانات الشعبة #1 (الموعد/القاعة/السعة) لمادة (تحليل ونمذجة وتصميم الأنظمة) المتاحة في خطتك.', 0, '2026-05-16 17:09:01', 1, 1),
(398, '140044', 'تنبيه: تم تحديث بيانات الشعبة #1 (الموعد/القاعة/السعة) لمادة (تحليل ونمذجة وتصميم الأنظمة) المتاحة في خطتك.', 0, '2026-05-16 17:09:01', 1, 1),
(399, '140045', 'تنبيه: تم تحديث بيانات الشعبة #1 (الموعد/القاعة/السعة) لمادة (تحليل ونمذجة وتصميم الأنظمة) المتاحة في خطتك.', 0, '2026-05-16 17:09:01', 1, 1),
(400, '140046', 'تنبيه: تم تحديث بيانات الشعبة #1 (الموعد/القاعة/السعة) لمادة (تحليل ونمذجة وتصميم الأنظمة) المتاحة في خطتك.', 0, '2026-05-16 17:09:01', 1, 1),
(401, '140047', 'تنبيه: تم تحديث بيانات الشعبة #1 (الموعد/القاعة/السعة) لمادة (تحليل ونمذجة وتصميم الأنظمة) المتاحة في خطتك.', 0, '2026-05-16 17:09:01', 1, 1),
(402, '140048', 'تنبيه: تم تحديث بيانات الشعبة #1 (الموعد/القاعة/السعة) لمادة (تحليل ونمذجة وتصميم الأنظمة) المتاحة في خطتك.', 0, '2026-05-16 17:09:01', 1, 1),
(403, '140049', 'تنبيه: تم تحديث بيانات الشعبة #1 (الموعد/القاعة/السعة) لمادة (تحليل ونمذجة وتصميم الأنظمة) المتاحة في خطتك.', 0, '2026-05-16 17:09:01', 1, 1),
(404, '140050', 'تنبيه: تم تحديث بيانات الشعبة #1 (الموعد/القاعة/السعة) لمادة (تحليل ونمذجة وتصميم الأنظمة) المتاحة في خطتك.', 0, '2026-05-16 17:09:01', 1, 1),
(405, '154677', 'تنبيه: تم تحديث بيانات الشعبة #1 (الموعد/القاعة/السعة) لمادة (تحليل ونمذجة وتصميم الأنظمة) المتاحة في خطتك.', 0, '2026-05-16 17:09:01', 1, 1),
(406, '158138', 'تنبيه: تم تحديث بيانات الشعبة #1 (الموعد/القاعة/السعة) لمادة (تحليل ونمذجة وتصميم الأنظمة) المتاحة في خطتك.', 1, '2026-05-16 17:09:01', 1, 1),
(407, '158237', 'تنبيه: تم تحديث بيانات الشعبة #1 (الموعد/القاعة/السعة) لمادة (تحليل ونمذجة وتصميم الأنظمة) المتاحة في خطتك.', 0, '2026-05-16 17:09:01', 1, 1),
(408, '162972', 'تنبيه: تم تحديث بيانات الشعبة #1 (الموعد/القاعة/السعة) لمادة (تحليل ونمذجة وتصميم الأنظمة) المتاحة في خطتك.', 0, '2026-05-16 17:09:01', 1, 1);

-- --------------------------------------------------------

--
-- Table structure for table `studyplan`
--

CREATE TABLE `studyplan` (
  `plan_id` int(11) NOT NULL,
  `plan_name` varchar(100) NOT NULL,
  `specialization` varchar(100) NOT NULL,
  `total_hours` int(11) DEFAULT 0,
  `dept_id` int(11) DEFAULT NULL
) ENGINE=InnoDB DEFAULT CHARSET=utf8mb4 COLLATE=utf8mb4_general_ci;

--
-- Dumping data for table `studyplan`
--

INSERT INTO `studyplan` (`plan_id`, `plan_name`, `specialization`, `total_hours`, `dept_id`) VALUES
(1, 'خطة هندسة البرمجيات 2025', 'هندسة برمجيات', 132, 1);

-- --------------------------------------------------------

--
-- Table structure for table `university`
--

CREATE TABLE `university` (
  `uni_id` int(11) NOT NULL,
  `uni_name` varchar(150) NOT NULL,
  `email_domain` varchar(50) NOT NULL,
  `id_pattern` varchar(100) NOT NULL
) ENGINE=InnoDB DEFAULT CHARSET=utf8mb4 COLLATE=utf8mb4_general_ci;

--
-- Dumping data for table `university`
--

INSERT INTO `university` (`uni_id`, `uni_name`, `email_domain`, `id_pattern`) VALUES
(1, 'جامعة العلوم والتكنولوجيا الأردنية', 'stu.just.edu.jo', '^1[0-9]{5}$');

-- --------------------------------------------------------

--
-- Table structure for table `vote`
--

CREATE TABLE `vote` (
  `vote_id` int(11) NOT NULL,
  `student_id` varchar(20) DEFAULT NULL,
  `course_id` int(11) DEFAULT NULL,
  `section_id` int(11) DEFAULT NULL,
  `vote_date` timestamp NOT NULL DEFAULT current_timestamp()
) ENGINE=InnoDB DEFAULT CHARSET=utf8mb4 COLLATE=utf8mb4_general_ci;

--
-- Dumping data for table `vote`
--

INSERT INTO `vote` (`vote_id`, `student_id`, `course_id`, `section_id`, `vote_date`) VALUES
(1, '130001', 29, 1, '2026-05-15 21:25:09'),
(2, '130002', 29, 1, '2026-05-15 21:25:09'),
(3, '130003', 29, 1, '2026-05-15 21:25:09'),
(4, '130004', 29, 1, '2026-05-15 21:25:09'),
(5, '130005', 29, 1, '2026-05-15 21:25:09'),
(6, '130006', 29, 1, '2026-05-15 21:25:09'),
(7, '130007', 29, 1, '2026-05-15 21:25:09'),
(8, '130008', 29, 1, '2026-05-15 21:25:09'),
(9, '130009', 29, 1, '2026-05-15 21:25:09'),
(10, '130010', 29, 1, '2026-05-15 21:25:09'),
(11, '130011', 29, 1, '2026-05-15 21:25:09'),
(12, '130012', 29, 1, '2026-05-15 21:25:09'),
(13, '130013', 29, 1, '2026-05-15 21:25:09'),
(14, '130014', 29, 1, '2026-05-15 21:25:09'),
(15, '130015', 29, 1, '2026-05-15 21:25:09'),
(16, '130016', 29, 1, '2026-05-15 21:25:09'),
(17, '130017', 29, 1, '2026-05-15 21:25:09'),
(18, '130018', 29, 1, '2026-05-15 21:25:09'),
(19, '130019', 29, 1, '2026-05-15 21:25:09'),
(20, '130020', 29, 1, '2026-05-15 21:25:09'),
(21, '130021', 29, 1, '2026-05-15 21:25:09'),
(22, '130022', 29, 1, '2026-05-15 21:25:09'),
(23, '130023', 29, 1, '2026-05-15 21:25:09'),
(24, '130024', 29, 1, '2026-05-15 21:25:09'),
(25, '130025', 29, 1, '2026-05-15 21:25:09'),
(26, '130026', 29, 1, '2026-05-15 21:25:09'),
(27, '130027', 29, 1, '2026-05-15 21:25:09'),
(28, '130028', 29, 1, '2026-05-15 21:25:09'),
(29, '130029', 29, 1, '2026-05-15 21:25:09'),
(30, '130030', 29, 1, '2026-05-15 21:25:09'),
(31, '130031', 29, 1, '2026-05-15 21:25:09'),
(32, '130032', 29, 1, '2026-05-15 21:25:09'),
(33, '130033', 29, 1, '2026-05-15 21:25:09'),
(34, '130034', 29, 1, '2026-05-15 21:25:09'),
(35, '130035', 29, 1, '2026-05-15 21:25:09'),
(36, '130036', 29, 1, '2026-05-15 21:25:09'),
(37, '130037', 29, 1, '2026-05-15 21:25:09'),
(38, '130038', 29, 1, '2026-05-15 21:25:09'),
(39, '130039', 29, 1, '2026-05-15 21:25:09'),
(40, '130040', 29, 1, '2026-05-15 21:25:09'),
(41, '130041', 29, 1, '2026-05-15 21:25:09'),
(42, '130042', 29, 1, '2026-05-15 21:25:09'),
(43, '130043', 29, 1, '2026-05-15 21:25:09'),
(44, '130044', 29, 1, '2026-05-15 21:25:09'),
(45, '130045', 29, 1, '2026-05-15 21:25:09'),
(46, '130046', 29, 1, '2026-05-15 21:25:09'),
(47, '130047', 29, 1, '2026-05-15 21:25:09'),
(48, '130048', 29, 1, '2026-05-15 21:25:09'),
(49, '130049', 29, 1, '2026-05-15 21:25:09'),
(50, '130050', 29, 1, '2026-05-15 21:25:09'),
(51, '140001', 29, 1, '2026-05-15 21:25:09'),
(52, '140002', 29, 1, '2026-05-15 21:25:09'),
(53, '140003', 29, 1, '2026-05-15 21:25:09'),
(54, '140004', 29, 1, '2026-05-15 21:25:09'),
(55, '140005', 29, 1, '2026-05-15 21:25:09'),
(56, '140006', 29, 1, '2026-05-15 21:25:09'),
(57, '140007', 29, 1, '2026-05-15 21:25:09'),
(58, '140008', 29, 1, '2026-05-15 21:25:09'),
(59, '140009', 29, 1, '2026-05-15 21:25:09'),
(60, '140010', 29, 1, '2026-05-15 21:25:09'),
(61, '140011', 29, 1, '2026-05-15 21:25:09'),
(62, '140012', 29, 1, '2026-05-15 21:25:09'),
(63, '140013', 29, 1, '2026-05-15 21:25:09'),
(64, '140014', 29, 1, '2026-05-15 21:25:09'),
(65, '140015', 29, 1, '2026-05-15 21:25:09'),
(128, '130001', 33, 2, '2026-05-15 21:25:09'),
(129, '130002', 33, 2, '2026-05-15 21:25:09'),
(130, '130003', 33, 2, '2026-05-15 21:25:09'),
(131, '130004', 33, 2, '2026-05-15 21:25:09'),
(132, '130005', 33, 2, '2026-05-15 21:25:09'),
(133, '130006', 33, 2, '2026-05-15 21:25:09'),
(134, '130007', 33, 2, '2026-05-15 21:25:09'),
(135, '130008', 33, 2, '2026-05-15 21:25:09'),
(136, '130009', 33, 2, '2026-05-15 21:25:09'),
(137, '130010', 33, 2, '2026-05-15 21:25:09'),
(138, '130011', 33, 2, '2026-05-15 21:25:09'),
(139, '130012', 33, 2, '2026-05-15 21:25:09'),
(140, '130013', 33, 2, '2026-05-15 21:25:09'),
(141, '130014', 33, 2, '2026-05-15 21:25:09'),
(142, '130015', 33, 2, '2026-05-15 21:25:09'),
(143, '130016', 33, 2, '2026-05-15 21:25:09'),
(144, '130017', 33, 2, '2026-05-15 21:25:09'),
(145, '130018', 33, 2, '2026-05-15 21:25:09'),
(146, '130019', 33, 2, '2026-05-15 21:25:09'),
(147, '130020', 33, 2, '2026-05-15 21:25:09'),
(148, '130021', 33, 2, '2026-05-15 21:25:09'),
(149, '130022', 33, 2, '2026-05-15 21:25:09'),
(150, '130023', 33, 2, '2026-05-15 21:25:09'),
(151, '130024', 33, 2, '2026-05-15 21:25:09'),
(152, '130025', 33, 2, '2026-05-15 21:25:09'),
(153, '130026', 33, 2, '2026-05-15 21:25:09'),
(154, '130027', 33, 2, '2026-05-15 21:25:09'),
(155, '130028', 33, 2, '2026-05-15 21:25:09'),
(156, '130029', 33, 2, '2026-05-15 21:25:09'),
(157, '130030', 33, 2, '2026-05-15 21:25:09'),
(159, '130041', 33, 3, '2026-05-15 21:25:09'),
(160, '130042', 33, 3, '2026-05-15 21:25:09'),
(161, '130043', 33, 3, '2026-05-15 21:25:09'),
(162, '130044', 33, 3, '2026-05-15 21:25:09'),
(163, '130045', 33, 3, '2026-05-15 21:25:09'),
(164, '130046', 33, 3, '2026-05-15 21:25:09'),
(165, '130047', 33, 3, '2026-05-15 21:25:09'),
(166, '130048', 33, 3, '2026-05-15 21:25:09'),
(167, '130049', 33, 3, '2026-05-15 21:25:09'),
(168, '130050', 33, 3, '2026-05-15 21:25:09'),
(174, '140001', 33, 3, '2026-05-15 21:25:09'),
(175, '140002', 33, 3, '2026-05-15 21:25:09'),
(176, '140003', 33, 3, '2026-05-15 21:25:09'),
(177, '140004', 33, 3, '2026-05-15 21:25:09'),
(178, '140005', 33, 3, '2026-05-15 21:25:09'),
(181, '140006', 37, 4, '2026-05-15 21:25:09'),
(182, '140007', 37, 4, '2026-05-15 21:25:09'),
(183, '140008', 37, 4, '2026-05-15 21:25:09'),
(184, '140009', 37, 4, '2026-05-15 21:25:09'),
(185, '140010', 37, 4, '2026-05-15 21:25:09'),
(186, '140011', 37, 4, '2026-05-15 21:25:09'),
(187, '140012', 37, 4, '2026-05-15 21:25:09'),
(188, '140013', 37, 4, '2026-05-15 21:25:09'),
(189, '140014', 37, 4, '2026-05-15 21:25:09'),
(190, '140015', 37, 4, '2026-05-15 21:25:09'),
(191, '140016', 37, 4, '2026-05-15 21:25:09'),
(192, '140017', 37, 4, '2026-05-15 21:25:09'),
(196, '130001', 24, 5, '2026-05-15 21:25:09'),
(197, '130002', 24, 5, '2026-05-15 21:25:09'),
(198, '130003', 24, 5, '2026-05-15 21:25:09'),
(199, '130004', 24, 5, '2026-05-15 21:25:09'),
(200, '130005', 24, 5, '2026-05-15 21:25:09'),
(201, '130006', 24, 5, '2026-05-15 21:25:09'),
(202, '130007', 24, 5, '2026-05-15 21:25:09'),
(203, '130008', 24, 5, '2026-05-15 21:25:09'),
(204, '130009', 24, 5, '2026-05-15 21:25:09'),
(205, '130010', 24, 5, '2026-05-15 21:25:09'),
(206, '130011', 24, 5, '2026-05-15 21:25:09'),
(207, '130012', 24, 5, '2026-05-15 21:25:09'),
(208, '130013', 24, 5, '2026-05-15 21:25:09'),
(209, '130014', 24, 5, '2026-05-15 21:25:09'),
(210, '130015', 24, 5, '2026-05-15 21:25:09'),
(211, '130016', 24, 5, '2026-05-15 21:25:09'),
(212, '130017', 24, 5, '2026-05-15 21:25:09'),
(213, '130018', 24, 5, '2026-05-15 21:25:09'),
(214, '130019', 24, 5, '2026-05-15 21:25:09'),
(215, '130020', 24, 5, '2026-05-15 21:25:09'),
(216, '130021', 24, 5, '2026-05-15 21:25:09'),
(217, '130022', 24, 5, '2026-05-15 21:25:09'),
(218, '130023', 24, 5, '2026-05-15 21:25:09'),
(219, '130024', 24, 5, '2026-05-15 21:25:09'),
(220, '130025', 24, 5, '2026-05-15 21:25:09'),
(221, '130026', 24, 5, '2026-05-15 21:25:09'),
(222, '130027', 24, 5, '2026-05-15 21:25:09'),
(223, '130028', 24, 5, '2026-05-15 21:25:09'),
(224, '130029', 24, 5, '2026-05-15 21:25:09'),
(225, '130030', 24, 5, '2026-05-15 21:25:09'),
(226, '130031', 24, 5, '2026-05-15 21:25:09'),
(227, '130032', 24, 5, '2026-05-15 21:25:09'),
(228, '130033', 24, 5, '2026-05-15 21:25:09'),
(229, '130034', 24, 5, '2026-05-15 21:25:09'),
(230, '130035', 24, 5, '2026-05-15 21:25:09'),
(231, '130036', 24, 5, '2026-05-15 21:25:09'),
(232, '130037', 24, 5, '2026-05-15 21:25:09'),
(233, '130038', 24, 5, '2026-05-15 21:25:09'),
(234, '130039', 24, 5, '2026-05-15 21:25:09'),
(235, '130040', 24, 5, '2026-05-15 21:25:09'),
(236, '130041', 24, 5, '2026-05-15 21:25:09'),
(237, '130042', 24, 5, '2026-05-15 21:25:09'),
(238, '130043', 24, 5, '2026-05-15 21:25:09'),
(239, '130044', 24, 5, '2026-05-15 21:25:09'),
(240, '130045', 24, 5, '2026-05-15 21:25:09'),
(259, '130046', 32, 6, '2026-05-15 21:25:09'),
(260, '130047', 32, 6, '2026-05-15 21:25:09'),
(261, '130048', 32, 6, '2026-05-15 21:25:09'),
(262, '130049', 32, 6, '2026-05-15 21:25:09'),
(263, '130050', 32, 6, '2026-05-15 21:25:09'),
(266, '140021', 44, 7, '2026-05-15 21:25:09'),
(267, '140022', 44, 7, '2026-05-15 21:25:09'),
(268, '140023', 44, 7, '2026-05-15 21:25:09'),
(269, '140024', 44, 7, '2026-05-15 21:25:09'),
(270, '140025', 44, 7, '2026-05-15 21:25:09'),
(271, '140026', 44, 7, '2026-05-15 21:25:09'),
(272, '140027', 44, 7, '2026-05-15 21:25:09'),
(273, '140028', 44, 7, '2026-05-15 21:25:09');

-- --------------------------------------------------------

--
-- Table structure for table `waitlist`
--

CREATE TABLE `waitlist` (
  `waitlist_id` int(11) NOT NULL,
  `student_id` varchar(50) NOT NULL,
  `section_id` int(11) NOT NULL,
  `created_at` timestamp NOT NULL DEFAULT current_timestamp()
) ENGINE=InnoDB DEFAULT CHARSET=utf8mb4 COLLATE=utf8mb4_general_ci;

--
-- Dumping data for table `waitlist`
--

INSERT INTO `waitlist` (`waitlist_id`, `student_id`, `section_id`, `created_at`) VALUES
(1, '130031', 2, '2026-05-15 21:25:09'),
(2, '130032', 2, '2026-05-15 21:25:09'),
(3, '130033', 2, '2026-05-15 21:25:09'),
(4, '130034', 2, '2026-05-15 21:25:09'),
(5, '130035', 2, '2026-05-15 21:25:09'),
(6, '130036', 2, '2026-05-15 21:25:09'),
(7, '130037', 2, '2026-05-15 21:25:09'),
(8, '130038', 2, '2026-05-15 21:25:09'),
(9, '130039', 2, '2026-05-15 21:25:09'),
(10, '130040', 2, '2026-05-15 21:25:09');

--
-- Indexes for dumped tables
--

--
-- Indexes for table `course`
--
ALTER TABLE `course`
  ADD PRIMARY KEY (`course_id`),
  ADD UNIQUE KEY `course_code` (`course_code`),
  ADD KEY `fk_course_dept` (`dept_id`);

--
-- Indexes for table `department`
--
ALTER TABLE `department`
  ADD PRIMARY KEY (`dept_id`),
  ADD UNIQUE KEY `dept_name` (`dept_name`),
  ADD KEY `fac_id` (`fac_id`);

--
-- Indexes for table `faculty`
--
ALTER TABLE `faculty`
  ADD PRIMARY KEY (`fac_id`),
  ADD KEY `uni_id` (`uni_id`);

--
-- Indexes for table `plan_course`
--
ALTER TABLE `plan_course`
  ADD PRIMARY KEY (`plan_id`,`course_id`),
  ADD KEY `course_id` (`course_id`);
ALTER TABLE `plan_course` ADD FULLTEXT KEY `category` (`category`);

--
-- Indexes for table `prerequisites`
--
ALTER TABLE `prerequisites`
  ADD PRIMARY KEY (`id`),
  ADD KEY `course_id` (`course_id`),
  ADD KEY `prereq_id` (`prereq_id`),
  ADD KEY `fk_prereq_plan` (`plan_id`);

--
-- Indexes for table `section`
--
ALTER TABLE `section`
  ADD PRIMARY KEY (`section_id`),
  ADD KEY `course_id` (`course_id`);

--
-- Indexes for table `staff`
--
ALTER TABLE `staff`
  ADD PRIMARY KEY (`staff_id`),
  ADD UNIQUE KEY `email` (`email`),
  ADD UNIQUE KEY `official_id` (`official_id`),
  ADD KEY `fk_staff_dept` (`dept_id`),
  ADD KEY `uni_id` (`uni_id`);

--
-- Indexes for table `student`
--
ALTER TABLE `student`
  ADD PRIMARY KEY (`student_id`),
  ADD UNIQUE KEY `email` (`email`),
  ADD KEY `fk_student_dept` (`dept_id`),
  ADD KEY `uni_id` (`uni_id`);

--
-- Indexes for table `student_notification`
--
ALTER TABLE `student_notification`
  ADD PRIMARY KEY (`id`),
  ADD KEY `student_id` (`student_id`);

--
-- Indexes for table `studyplan`
--
ALTER TABLE `studyplan`
  ADD PRIMARY KEY (`plan_id`),
  ADD KEY `fk_plan_dept` (`dept_id`);

--
-- Indexes for table `university`
--
ALTER TABLE `university`
  ADD PRIMARY KEY (`uni_id`);

--
-- Indexes for table `vote`
--
ALTER TABLE `vote`
  ADD PRIMARY KEY (`vote_id`),
  ADD UNIQUE KEY `unique_student_course` (`student_id`,`course_id`),
  ADD KEY `course_id` (`course_id`),
  ADD KEY `section_id` (`section_id`);

--
-- Indexes for table `waitlist`
--
ALTER TABLE `waitlist`
  ADD PRIMARY KEY (`waitlist_id`),
  ADD UNIQUE KEY `student_id` (`student_id`,`section_id`);

--
-- AUTO_INCREMENT for dumped tables
--

--
-- AUTO_INCREMENT for table `course`
--
ALTER TABLE `course`
  MODIFY `course_id` int(11) NOT NULL AUTO_INCREMENT, AUTO_INCREMENT=103;

--
-- AUTO_INCREMENT for table `department`
--
ALTER TABLE `department`
  MODIFY `dept_id` int(11) NOT NULL AUTO_INCREMENT, AUTO_INCREMENT=6;

--
-- AUTO_INCREMENT for table `faculty`
--
ALTER TABLE `faculty`
  MODIFY `fac_id` int(11) NOT NULL AUTO_INCREMENT, AUTO_INCREMENT=4;

--
-- AUTO_INCREMENT for table `prerequisites`
--
ALTER TABLE `prerequisites`
  MODIFY `id` int(11) NOT NULL AUTO_INCREMENT, AUTO_INCREMENT=29;

--
-- AUTO_INCREMENT for table `section`
--
ALTER TABLE `section`
  MODIFY `section_id` int(11) NOT NULL AUTO_INCREMENT, AUTO_INCREMENT=113;

--
-- AUTO_INCREMENT for table `staff`
--
ALTER TABLE `staff`
  MODIFY `staff_id` int(11) NOT NULL AUTO_INCREMENT, AUTO_INCREMENT=14;

--
-- AUTO_INCREMENT for table `student_notification`
--
ALTER TABLE `student_notification`
  MODIFY `id` int(11) NOT NULL AUTO_INCREMENT, AUTO_INCREMENT=409;

--
-- AUTO_INCREMENT for table `studyplan`
--
ALTER TABLE `studyplan`
  MODIFY `plan_id` int(11) NOT NULL AUTO_INCREMENT, AUTO_INCREMENT=4;

--
-- AUTO_INCREMENT for table `university`
--
ALTER TABLE `university`
  MODIFY `uni_id` int(11) NOT NULL AUTO_INCREMENT, AUTO_INCREMENT=3;

--
-- AUTO_INCREMENT for table `vote`
--
ALTER TABLE `vote`
  MODIFY `vote_id` int(11) NOT NULL AUTO_INCREMENT, AUTO_INCREMENT=275;

--
-- AUTO_INCREMENT for table `waitlist`
--
ALTER TABLE `waitlist`
  MODIFY `waitlist_id` int(11) NOT NULL AUTO_INCREMENT, AUTO_INCREMENT=11;

--
-- Constraints for dumped tables
--

--
-- Constraints for table `course`
--
ALTER TABLE `course`
  ADD CONSTRAINT `fk_course_dept` FOREIGN KEY (`dept_id`) REFERENCES `department` (`dept_id`) ON DELETE SET NULL;

--
-- Constraints for table `department`
--
ALTER TABLE `department`
  ADD CONSTRAINT `department_ibfk_1` FOREIGN KEY (`fac_id`) REFERENCES `faculty` (`fac_id`) ON DELETE CASCADE;

--
-- Constraints for table `faculty`
--
ALTER TABLE `faculty`
  ADD CONSTRAINT `faculty_ibfk_1` FOREIGN KEY (`uni_id`) REFERENCES `university` (`uni_id`) ON DELETE CASCADE;

--
-- Constraints for table `plan_course`
--
ALTER TABLE `plan_course`
  ADD CONSTRAINT `plan_course_ibfk_1` FOREIGN KEY (`plan_id`) REFERENCES `studyplan` (`plan_id`) ON DELETE CASCADE,
  ADD CONSTRAINT `plan_course_ibfk_2` FOREIGN KEY (`course_id`) REFERENCES `course` (`course_id`) ON DELETE CASCADE;

--
-- Constraints for table `prerequisites`
--
ALTER TABLE `prerequisites`
  ADD CONSTRAINT `fk_prereq_plan` FOREIGN KEY (`plan_id`) REFERENCES `studyplan` (`plan_id`) ON DELETE CASCADE,
  ADD CONSTRAINT `prerequisites_ibfk_1` FOREIGN KEY (`course_id`) REFERENCES `course` (`course_id`),
  ADD CONSTRAINT `prerequisites_ibfk_2` FOREIGN KEY (`prereq_id`) REFERENCES `course` (`course_id`);

--
-- Constraints for table `section`
--
ALTER TABLE `section`
  ADD CONSTRAINT `section_ibfk_1` FOREIGN KEY (`course_id`) REFERENCES `course` (`course_id`) ON DELETE CASCADE;

--
-- Constraints for table `staff`
--
ALTER TABLE `staff`
  ADD CONSTRAINT `fk_staff_dept` FOREIGN KEY (`dept_id`) REFERENCES `department` (`dept_id`),
  ADD CONSTRAINT `staff_ibfk_1` FOREIGN KEY (`uni_id`) REFERENCES `university` (`uni_id`);

--
-- Constraints for table `student`
--
ALTER TABLE `student`
  ADD CONSTRAINT `fk_student_dept` FOREIGN KEY (`dept_id`) REFERENCES `department` (`dept_id`) ON DELETE SET NULL,
  ADD CONSTRAINT `student_ibfk_1` FOREIGN KEY (`uni_id`) REFERENCES `university` (`uni_id`);

--
-- Constraints for table `student_notification`
--
ALTER TABLE `student_notification`
  ADD CONSTRAINT `student_notification_ibfk_1` FOREIGN KEY (`student_id`) REFERENCES `student` (`student_id`) ON DELETE CASCADE;

--
-- Constraints for table `studyplan`
--
ALTER TABLE `studyplan`
  ADD CONSTRAINT `fk_plan_dept` FOREIGN KEY (`dept_id`) REFERENCES `department` (`dept_id`) ON DELETE SET NULL;

--
-- Constraints for table `vote`
--
ALTER TABLE `vote`
  ADD CONSTRAINT `vote_ibfk_1` FOREIGN KEY (`student_id`) REFERENCES `student` (`student_id`) ON DELETE CASCADE ON UPDATE CASCADE,
  ADD CONSTRAINT `vote_ibfk_2` FOREIGN KEY (`course_id`) REFERENCES `course` (`course_id`) ON DELETE CASCADE,
  ADD CONSTRAINT `vote_ibfk_3` FOREIGN KEY (`section_id`) REFERENCES `section` (`section_id`) ON DELETE CASCADE;
COMMIT;

/*!40101 SET CHARACTER_SET_CLIENT=@OLD_CHARACTER_SET_CLIENT */;
/*!40101 SET CHARACTER_SET_RESULTS=@OLD_CHARACTER_SET_RESULTS */;
/*!40101 SET COLLATION_CONNECTION=@OLD_COLLATION_CONNECTION */;
